time,m_per_pixel,g_center,r_center,rect_points,angle
0.016666666666666666,0.0009630991149498877,,,560:267:545:47:851:26:866:246,
0.03333333333333333,0.0009630991149498877,,,560:267:545:47:851:27:866:246,
0.05,0.0009630991149498877,,,561:267:545:48:851:27:866:246,
0.06666666666666667,0.0009637706393254597,,,560:267:545:48:851:27:866:246,
0.08333333333333333,0.0009644421637010317,,,560:267:545:48:851:27:866:246,
0.1,0.0009637706393254597,,,560:267:545:47:851:27:866:246,
0.11666666666666667,0.0009644421637010317,,,560:267:545:48:851:27:866:246,
0.13333333333333333,0.0009644421637010317,,,560:265:546:46:851:27:865:246,
0.15,0.0009644421637010317,,,560:267:545:48:851:27:866:246,
0.16666666666666666,0.0009644421637010317,,,560:267:545:48:851:27:866:246,
0.18333333333333332,0.0009644421637010317,,,560:267:545:47:851:27:866:246,
0.2,0.0009644421637010317,,,560:267:545:47:851:27:866:246,
0.21666666666666667,0.0009644421637010317,,,560:267:545:48:851:27:866:246,
0.23333333333333334,0.0009644421637010317,,,560:267:545:47:851:27:866:246,
0.25,0.0009644421637010317,,,560:267:545:47:851:27:866:246,
0.26666666666666666,0.0009637706393254597,,,560:267:545:47:851:27:866:246,
0.2833333333333333,0.0009630991149498877,,,560:267:545:47:851:27:866:246,
0.3,0.0009630991149498877,,,560:266:545:47:851:27:866:246,
0.31666666666666665,0.0009630991149498877,,,560:267:545:47:851:27:866:246,
0.3333333333333333,0.0009630991149498877,,,560:267:546:47:851:27:866:246,
0.35,0.0009630991149498877,,,560:267:545:47:851:27:866:246,
0.36666666666666664,0.0009630991149498877,,,560:267:545:47:851:27:866:246,
0.38333333333333336,0.0009630991149498877,,,560:267:545:47:851:27:866:246,
0.4,0.0009630991149498877,,,560:267:545:47:851:27:866:246,
0.4166666666666667,0.0009630991149498877,,,560:267:545:47:851:27:866:246,
0.43333333333333335,0.0009630991149498877,,,560:267:545:47:851:27:866:246,
0.45,0.0009630991149498877,,,560:267:545:47:851:27:866:246,
0.4666666666666667,0.0009630991149498877,,,560:267:545:48:851:27:866:246,
0.48333333333333334,0.0009630991149498877,,,560:267:545:47:851:27:866:246,
0.5,0.0009630991149498877,,,560:267:545:47:851:27:866:246,
0.5166666666666667,0.0009630991149498877,,,560:267:545:47:851:27:866:246,
0.5333333333333333,0.0009630991149498877,,,560:267:545:47:851:27:866:246,
0.55,0.0009630991149498877,,,560:267:545:47:851:27:866:246,
0.5666666666666667,0.0009630991149498877,,,560:267:545:47:851:27:866:246,
0.5833333333333334,0.0009630991149498877,,,560:267:545:47:851:27:866:246,
0.6,0.0009630991149498877,,,560:267:545:47:851:27:866:246,
0.6166666666666667,0.0009630991149498877,,,560:267:545:47:851:27:866:246,
0.6333333333333333,0.0009630991149498877,,,560:267:545:47:851:27:866:246,
0.65,0.0009630991149498877,,,560:267:545:47:851:27:866:246,
0.6666666666666666,0.0009630991149498877,,,560:267:545:47:851:27:866:246,
0.6833333333333333,0.0009630991149498877,,,560:267:545:47:851:27:866:246,
0.7,0.0009630991149498877,,,560:267:545:47:851:27:866:246,
0.7166666666666667,0.0009630991149498877,,,560:267:545:47:851:27:865:246,
0.7333333333333333,0.0009630991149498877,,,560:267:545:48:851:27:866:246,
0.75,0.0009630991149498877,,,560:267:545:47:851:27:866:246,
0.7666666666666667,0.0009630991149498877,,,561:267:545:48:850:26:866:245,
0.7833333333333333,0.0009630991149498877,,,560:266:545:48:851:27:866:245,
0.8,0.0009630991149498877,,,560:266:546:47:851:28:865:247,
0.8166666666666667,0.0009630991149498877,,,560:267:545:47:851:27:866:246,
0.8333333333333334,0.0009630991149498877,,,560:267:545:47:851:26:866:246,
0.85,0.0009630991149498877,,,560:267:545:47:851:27:866:246,
0.8666666666666667,0.0009630991149498877,,,560:267:545:47:851:27:866:246,
0.8833333333333333,0.0009630991149498877,,,560:267:545:47:851:27:866:246,
0.9,0.0009630991149498877,,,560:267:545:48:851:27:866:246,
0.9166666666666666,0.0009630991149498877,,,560:267:545:47:851:26:866:246,
0.9333333333333333,0.0009630991149498877,,,560:267:545:48:851:27:866:246,
0.95,0.0009630991149498877,,,560:267:545:47:851:27:866:246,
0.9666666666666667,0.0009630991149498877,,,560:267:545:48:851:27:866:246,
0.9833333333333333,0.0009630991149498877,,,560:267:545:48:851:27:866:246,
1.0,0.0009630991149498877,,,560:267:545:48:851:27:865:246,
1.0166666666666666,0.0009630991149498877,,,560:267:545:47:851:27:865:246,
1.0333333333333334,0.0009630991149498877,,,560:267:545:48:851:27:865:246,
1.05,0.0009630991149498877,,,560:267:545:47:851:27:865:246,
1.0666666666666667,0.0009630991149498877,,,560:267:545:47:851:27:865:246,
1.0833333333333333,0.0009630991149498877,,,560:267:545:47:851:27:865:246,
1.1,0.0009630991149498877,,,560:267:545:47:851:27:866:246,
1.1166666666666667,0.0009630991149498877,,,560:267:545:47:851:27:866:246,
1.1333333333333333,0.0009630991149498877,,,560:267:545:47:851:27:866:246,
1.15,0.0009630991149498877,,,560:267:545:47:851:27:866:246,
1.1666666666666667,0.0009630991149498877,,,560:267:545:47:851:27:866:246,
1.1833333333333333,0.0009630991149498877,,,560:267:545:47:851:27:866:246,
1.2,0.0009630991149498877,,,560:267:545:47:851:27:866:246,
1.2166666666666666,0.0009630991149498877,,,560:267:545:48:851:27:866:246,
1.2333333333333334,0.0009630991149498877,,,560:267:545:48:851:27:866:246,
1.25,0.0009630991149498877,,,560:267:545:47:851:27:866:246,
1.2666666666666666,0.0009630991149498877,,,560:267:545:47:851:27:866:246,
1.2833333333333334,0.0009630991149498877,,,560:267:546:48:851:27:866:246,
1.3,0.0009630991149498877,,,560:267:546:48:851:27:866:246,
1.3166666666666667,0.0009630991149498877,,,560:267:545:47:851:27:866:246,
1.3333333333333333,0.0009630991149498877,,,560:267:545:47:851:27:866:246,
1.35,0.0009630991149498877,,,560:267:545:47:851:27:866:246,
1.3666666666666667,0.0009630991149498877,,,560:267:545:47:851:26:866:246,
1.3833333333333333,0.0009630991149498877,,,560:267:545:47:851:27:866:246,
1.4,0.0009630991149498877,,,560:267:545:47:851:27:866:246,
1.4166666666666667,0.0009630991149498877,,,560:267:545:48:851:27:866:246,
1.4333333333333333,0.0009630991149498877,,,560:267:545:48:851:27:866:246,
1.45,0.0009630991149498877,,,560:267:545:48:851:27:866:246,
1.4666666666666666,0.0009630991149498877,,,560:267:545:48:851:27:866:246,
1.4833333333333334,0.0009630991149498877,,,560:267:545:47:851:27:866:246,
1.5,0.0009630991149498877,,,560:267:545:48:851:27:866:246,
1.5166666666666666,0.0009630991149498877,,,560:267:545:47:851:27:866:246,
1.5333333333333334,0.0009630991149498877,,,560:267:545:48:851:27:866:246,
1.55,0.0009630991149498877,,,560:267:545:47:851:27:866:246,
1.5666666666666667,0.0009630991149498877,,,560:267:545:48:851:27:866:246,
1.5833333333333333,0.0009630991149498877,,,560:267:545:48:851:27:866:246,
1.6,0.0009630991149498877,,,560:267:545:48:851:27:866:246,
1.6166666666666667,0.0009630991149498877,,,560:267:545:48:851:27:865:246,
1.6333333333333333,0.0009637706393254597,,,560:267:545:48:851:27:866:246,
1.65,0.0009644421637010317,,,560:267:545:48:851:27:866:246,
1.6666666666666667,0.0009644421637010317,,,560:267:545:48:851:27:866:246,
1.6833333333333333,0.0009644421637010317,,,560:266:546:47:851:27:866:246,
1.7,0.0009644421637010317,,,560:267:545:47:851:27:865:246,
1.7166666666666666,0.0009644421637010317,,,560:267:545:47:851:27:866:246,
1.7333333333333334,0.0009644421637010317,,,560:267:546:48:851:27:866:246,
1.75,0.0009644421637010317,,,560:266:545:47:851:27:866:246,
1.7666666666666666,0.0009644421637010317,,,560:266:545:47:851:27:866:246,
1.7833333333333334,0.0009644421637010317,,,560:267:546:47:851:27:866:246,
1.8,0.0009644421637010317,,,560:267:545:47:851:27:866:246,
1.8166666666666667,0.0009644421637010317,,,560:267:545:48:851:27:866:246,
1.8333333333333333,0.0009644421637010317,,,560:267:545:47:851:27:866:246,
1.85,0.0009644421637010317,,,560:267:545:47:851:27:866:246,
1.8666666666666667,0.0009644421637010317,,,560:268:545:49:851:27:867:246,
1.8833333333333333,0.0009644421637010317,,,560:267:545:47:851:27:866:246,
1.9,0.0009644421637010317,,,560:266:545:47:851:27:866:246,
1.9166666666666667,0.0009644421637010317,,,560:267:545:47:851:27:866:246,
1.9333333333333333,0.0009640223433986767,,,560:267:545:47:851:27:866:246,
1.95,0.0009640223433986767,,,560:267:545:47:851:27:866:246,
1.9666666666666666,0.0009640223433986767,,,560:267:546:48:851:27:866:246,
1.9833333333333334,0.0009640223433986767,,,561:267:545:48:851:27:866:246,
2.0,0.0009640223433986767,,,561:266:547:46:851:27:865:247,
2.0166666666666666,0.0009640223433986767,,,807:249:807:28:860:28:860:249,
2.033333333333333,0.0009640223433986767,,,996:736:993:736:993:734:996:734,
2.05,0.0009640223433986767,,,992:736:992:732:1000:732:1000:736,
2.066666666666667,0.0009640223433986767,,,992:736:992:732:1000:732:1000:736,
2.0833333333333335,0.0009640223433986767,,,978:738:978:729:1010:729:1010:738,
2.1,0.0009644421637010317,,,1013:740:976:736:977:726:1014:730,
2.1166666666666667,0.0009644421637010317,,,975:739:975:728:1015:728:1015:739,
2.1333333333333333,0.0009644421637010317,,,915:736:878:733:879:726:916:729,
2.15,0.0009644421637010317,,,915:735:876:733:877:726:916:728,
2.1666666666666665,0.0009644421637010317,,,915:735:880:731:881:724:916:728,
2.183333333333333,0.0009644421637010317,,,897:734:897:729:912:729:912:734,
2.2,0.0009644421637010317,,,915:733:910:733:910:730:915:730,
2.216666666666667,0.0009644421637010317,,,,
2.2333333333333334,0.0009644421637010317,,,,
2.25,0.0009644421637010317,,,,
2.2666666666666666,0.0009644421637010317,,,,
2.283333333333333,0.0009644421637010317,,,,
2.3,0.0009644421637010317,,,,
2.316666666666667,0.0009644421637010317,,,,
2.3333333333333335,0.0009644421637010317,,,,
2.35,0.0009644421637010317,,,,
2.3666666666666667,0.0009644421637010317,,,,
2.3833333333333333,0.0009644421637010317,,,,
2.4,0.0009644421637010317,,,,
2.4166666666666665,0.0009644421637010317,,,,
2.433333333333333,0.0009644421637010317,,,,
2.45,0.0009644421637010317,,,,
2.466666666666667,0.0009644421637010317,,,,
2.4833333333333334,0.0009644421637010317,,,,
2.5,0.0009644421637010317,,,,
2.5166666666666666,0.0009644421637010317,,,,
2.533333333333333,0.0009644421637010317,,,,
2.55,0.0009644421637010317,,,,
2.566666666666667,0.0009644421637010317,,,,
2.5833333333333335,0.0009644421637010317,,,,
2.6,0.0009644421637010317,,,,
2.6166666666666667,0.0009644421637010317,,,,
2.6333333333333333,0.0009644421637010317,,,,
2.65,0.0009644421637010317,,,,
2.6666666666666665,0.0009644421637010317,,,,
2.683333333333333,0.0009644421637010317,,,,
2.7,0.0009644421637010317,,,,
2.716666666666667,0.0009644421637010317,,,,
2.7333333333333334,0.0009644421637010317,,,,
2.75,0.0009644421637010317,,,,
2.7666666666666666,0.0009644421637010317,,,,
2.783333333333333,0.0009644421637010317,,,,
2.8,0.0009644421637010317,,,,
2.816666666666667,0.0009644421637010317,,,,
2.8333333333333335,0.0009644421637010317,,,,
2.85,0.0009644421637010317,,,,
2.8666666666666667,0.0009644421637010317,,,,
2.8833333333333333,0.0009644421637010317,,,,
2.9,0.0009644421637010317,,,,
2.9166666666666665,0.0009644421637010317,,,,
2.933333333333333,0.0009644421637010317,,,,
2.95,0.0009644421637010317,,,,
2.966666666666667,0.0009644421637010317,,,,
2.9833333333333334,0.0009644421637010317,,,,
3.0,0.0009644421637010317,,,,
3.0166666666666666,0.0009644421637010317,,,,
3.033333333333333,0.0009644421637010317,,,,
3.05,0.0009644421637010317,,,,
3.066666666666667,0.0009644421637010317,,,,
3.0833333333333335,0.0009644421637010317,,,,
3.1,0.0009644421637010317,,,,
3.1166666666666667,0.0009644421637010317,,,,
3.1333333333333333,0.0009644421637010317,,,,
3.15,0.0009644421637010317,,,,
3.1666666666666665,0.0009644421637010317,,,,
3.183333333333333,0.0009644421637010317,,,,
3.2,0.0009644421637010317,,,,
3.216666666666667,0.0009644421637010317,,,,
3.2333333333333334,0.0009644421637010317,,,,
3.25,0.0009644421637010317,,,,
3.2666666666666666,0.0009644421637010317,,,,
3.283333333333333,0.0009644421637010317,,,,
3.3,0.0009644421637010317,,,,
3.316666666666667,0.0009644421637010317,,,,
3.3333333333333335,0.0009644421637010317,,,,
3.35,0.0009644421637010317,,,,
3.3666666666666667,0.0009644421637010317,,,,
3.3833333333333333,0.0009644421637010317,,,,
3.4,0.0009644421637010317,,,,
3.4166666666666665,0.0009644421637010317,,,,
3.433333333333333,0.0009644421637010317,,,,
3.45,0.0009644421637010317,,,,
3.466666666666667,0.0009644421637010317,,,,
3.4833333333333334,0.0009644421637010317,,,,
3.5,0.0009644421637010317,,,,
3.5166666666666666,0.0009644421637010317,,,,
3.533333333333333,0.0009644421637010317,,,,
3.55,0.0009644421637010317,,,,
3.566666666666667,0.0009644421637010317,,,,
3.5833333333333335,0.0009644421637010317,,,,
3.6,0.0009644421637010317,,,,
3.6166666666666667,0.0009644421637010317,,,,
3.6333333333333333,0.0009644421637010317,,,,
3.65,0.0009644421637010317,,,,
3.6666666666666665,0.0009644421637010317,,,,
3.683333333333333,0.0009644421637010317,,,,
3.7,0.0009644421637010317,,,,
3.716666666666667,0.0009644421637010317,,,,
3.7333333333333334,0.0009644421637010317,,,,
3.75,0.0009644421637010317,,,,
3.7666666666666666,0.0009644421637010317,,,,
3.783333333333333,0.0009644421637010317,,,,
3.8,0.0009644421637010317,,,,
3.816666666666667,0.0009644421637010317,,,,
3.8333333333333335,0.0009644421637010317,,,,
3.85,0.0009644421637010317,,,,
3.8666666666666667,0.0009644421637010317,,,,
3.8833333333333333,0.0009644421637010317,,,,
3.9,0.0009644421637010317,,,,
3.9166666666666665,0.0009644421637010317,,,776:732:776:729:790:729:790:732,
3.933333333333333,0.0009644421637010317,,,558:725:558:718:595:718:595:725,
3.95,0.0009644421637010317,,,594:725:557:725:557:718:594:718,
3.966666666666667,0.0009644421637010317,1159:521,1119:436,586:725:562:723:563:717:587:719,25.20112364547507
3.9833333333333334,0.0009644421637010317,1158:521,1118:436,564:271:561:244:859:216:862:243,25.20112364547507
4.0,0.0009644421637010317,1158:520,1117:437,561:265:550:100:854:80:865:244,26.288262124900232
4.016666666666667,0.0009644421637010317,1158:520,1117:437,561:265:546:45:852:24:867:244,26.288262124900232
4.033333333333333,0.0009644421637010317,1157:520,1117:437,560:265:546:45:852:25:867:244,25.7307056015312
4.05,0.0009644421637010317,1157:521,1117:437,561:266:545:47:852:25:868:244,25.463345061871614
4.066666666666666,0.0009644421637010317,1156:521,1117:437,560:265:546:46:851:26:866:245,24.904768808095188
4.083333333333333,0.0009644421637010317,1156:521,1117:437,560:265:546:46:851:26:866:245,24.904768808095188
4.1,0.0009644421637010317,1155:521,1116:437,560:267:545:47:851:26:866:246,24.904768808095188
4.116666666666666,0.0009644421637010317,1155:521,1116:437,560:267:546:47:851:27:866:246,24.904768808095188
4.133333333333334,0.0009644421637010317,1155:521,1115:437,560:266:545:47:851:27:866:246,25.463345061871614
4.15,0.0009644421637010317,1154:521,1115:437,560:266:545:47:851:27:866:246,24.904768808095188
4.166666666666667,0.0009644421637010317,1154:521,1115:438,560:266:545:47:851:27:866:246,25.167870149781614
4.183333333333334,0.0009644421637010317,1154:521,1115:438,560:267:545:47:851:27:866:246,25.167870149781614
4.2,0.0009644421637010317,1154:521,1115:438,560:267:545:47:851:27:866:246,25.167870149781614
4.216666666666667,0.0009644421637010317,1154:520,1115:437,560:266:545:47:851:27:866:246,25.167870149781614
4.233333333333333,0.0009644421637010317,1154:521,1115:438,560:266:546:47:851:27:866:246,25.167870149781614
4.25,0.0009648562855832249,1154:520,1114:437,560:266:546:47:851:27:865:246,25.7307056015312
4.266666666666667,0.0009652704074654179,1154:520,1114:437,560:266:546:47:851:27:865:246,25.7307056015312
4.283333333333333,0.0009652704074654179,1155:520,1114:437,560:266:546:47:851:27:865:246,26.288262124900232
4.3,0.0009652704074654179,1155:520,1114:437,560:267:546:48:851:27:866:246,26.288262124900232
4.316666666666666,0.0009652704074654179,1155:519,1114:437,560:267:546:48:851:27:865:246,26.56505117707799
4.333333333333333,0.0009652704074654179,1154:519,1114:436,560:267:546:48:851:27:866:246,25.7307056015312
4.35,0.0009652704074654179,1154:519,1114:436,560:267:545:48:851:27:866:246,25.7307056015312
4.366666666666666,0.0009652704074654179,1154:519,1115:435,561:268:545:49:851:27:866:246,24.904768808095188
4.383333333333334,0.0009652704074654179,1154:519,1115:435,560:267:546:47:851:27:866:246,24.904768808095188
4.4,0.0009652704074654179,1154:519,1116:434,561:268:545:49:851:27:866:246,24.087452308632294
4.416666666666667,0.0009652704074654179,1154:519,1116:434,560:267:546:47:851:27:866:246,24.087452308632294
4.433333333333334,0.0009652704074654179,1154:520,1115:435,560:266:546:47:851:27:866:246,24.64677085193117
4.45,0.0009652704074654179,1154:520,1114:435,561:268:545:49:851:27:867:246,25.20112364547507
4.466666666666667,0.0009652704074654179,1154:520,1114:435,561:268:545:49:851:27:867:246,25.20112364547507
4.483333333333333,0.0009652704074654179,1154:520,1114:434,561:268:545:49:851:27:867:246,24.94390526342458
4.5,0.0009652704074654179,1155:521,1113:434,561:268:545:49:851:27:867:246,25.769327624338715
4.516666666666667,0.0009652704074654179,1155:520,1114:434,561:268:545:49:851:27:867:246,25.489200556286722
4.533333333333333,0.0009652704074654179,,,561:268:545:49:851:27:867:246,
4.55,0.0009652704074654179,,,560:268:545:49:851:27:867:246,
4.566666666666666,0.0009652704074654179,,,560:268:545:48:851:27:866:247,
4.583333333333333,0.0009652704074654179,,,560:268:545:48:851:27:866:247,
4.6,0.0009652704074654179,,,560:268:545:49:851:27:867:246,
4.616666666666666,0.0009652704074654179,1153:518,1114:432,560:268:545:49:851:27:867:246,24.39373938616317
4.633333333333334,0.0009652704074654179,,,560:268:545:48:851:27:866:247,
4.65,0.0009652704074654179,,,560:268:545:49:851:27:867:246,
4.666666666666667,0.0009652704074654179,,,560:268:545:49:851:27:867:246,
4.683333333333334,0.0009652704074654179,,,560:268:545:49:851:27:867:246,
4.7,0.0009652704074654179,,,560:268:545:48:851:27:866:247,
4.716666666666667,0.0009652704074654179,,,561:268:545:49:851:27:867:246,
4.733333333333333,0.0009652704074654179,,,560:268:545:49:851:27:866:247,
4.75,0.0009648562855832249,,,561:268:545:49:851:27:867:246,
4.766666666666667,0.0009648562855832249,,,560:267:546:48:851:27:866:246,
4.783333333333333,0.0009648562855832249,,,561:268:545:49:851:27:866:246,
4.8,0.0009648562855832249,1151:516,1117:432,561:268:545:49:851:27:866:246,22.03622694014545
4.816666666666666,0.0009648562855832249,1151:516,1116:432,561:268:545:49:851:27:866:246,22.619864948040426
4.833333333333333,0.0009644421637010317,1152:517,1116:433,561:268:545:49:851:28:866:247,23.19859051364819
4.85,0.0009644421637010317,1152:517,1116:433,561:268:545:49:851:27:866:247,23.19859051364819
4.866666666666666,0.0009644421637010317,1152:517,1116:434,561:268:545:49:851:27:866:247,23.448062577957817
4.883333333333334,0.0009644421637010317,1152:517,1116:434,561:268:545:49:851:28:866:247,23.448062577957817
4.9,0.0009644421637010317,1152:518,1116:434,561:268:545:49:851:27:866:247,23.19859051364819
4.916666666666667,0.0009644421637010317,1152:518,1116:434,561:268:545:49:851:27:866:247,23.19859051364819
4.933333333333334,0.0009644421637010317,1152:518,1116:435,561:268:545:49:851:27:866:247,23.448062577957817
4.95,0.0009644421637010317,1152:518,1116:435,561:268:545:49:851:27:866:247,23.448062577957817
4.966666666666667,0.0009644421637010317,1152:519,1116:435,561:268:545:49:851:27:866:247,23.19859051364819
4.983333333333333,0.0009644421637010317,1152:519,1116:434,561:268:545:49:851:27:866:246,22.95408653762848
5.0,0.0009644421637010317,1152:519,1116:434,561:268:545:49:851:28:866:246,22.95408653762848
5.016666666666667,0.0009644421637010317,,,561:268:545:49:851:27:866:246,
5.033333333333333,0.0009644421637010317,,,561:268:545:49:851:28:866:247,
5.05,0.0009644421637010317,,,561:268:546:49:851:28:866:247,
5.066666666666666,0.0009644421637010317,,,560:268:545:49:850:28:865:247,
5.083333333333333,0.0009644421637010317,,,561:268:545:49:851:28:866:247,
5.1,0.0009644421637010317,,,561:268:545:49:850:28:866:247,
5.116666666666666,0.0009644421637010317,,,560:268:545:48:850:28:865:247,
5.133333333333334,0.0009644421637010317,,,560:268:545:49:850:28:865:247,
5.15,0.0009644421637010317,,,560:268:545:49:850:28:866:247,
5.166666666666667,0.0009644421637010317,,,560:268:545:49:851:28:866:247,
5.183333333333334,0.0009644421637010317,,,560:268:545:48:851:28:866:247,
5.2,0.0009644421637010317,,,560:268:546:48:851:28:866:247,
5.216666666666667,0.0009644421637010317,,,561:268:545:49:851:28:866:247,
5.233333333333333,0.0009644421637010317,,,561:269:545:50:851:28:866:247,
5.25,0.0009644421637010317,,,561:268:545:48:850:27:865:247,
5.266666666666667,0.0009644421637010317,,,561:268:545:49:850:28:865:247,
5.283333333333333,0.0009644421637010317,,,561:268:545:49:851:28:866:247,
5.3,0.0009644421637010317,,,560:268:546:48:850:28:865:247,
5.316666666666666,0.0009644421637010317,,,561:268:545:49:850:28:865:247,
5.333333333333333,0.0009644421637010317,,,561:268:546:49:850:28:865:247,
5.35,0.0009644421637010317,,,560:268:545:49:851:28:866:247,
5.366666666666666,0.0009644421637010317,,,561:268:545:49:850:28:866:247,
5.383333333333334,0.0009644421637010317,,,561:268:545:49:851:27:866:247,
5.4,0.0009644421637010317,,,560:268:545:49:850:28:866:247,
5.416666666666667,0.0009644421637010317,,,560:268:545:49:851:27:866:247,
5.433333333333334,0.0009644421637010317,,,561:268:545:49:850:28:866:247,
5.45,0.0009644421637010317,,,561:268:545:49:850:27:866:247,
5.466666666666667,0.0009644421637010317,,,561:268:545:49:850:27:866:246,
5.483333333333333,0.0009644421637010317,,,560:268:545:49:851:28:866:247,
5.5,0.0009644421637010317,,,561:268:545:49:851:27:866:246,
5.516666666666667,0.0009644421637010317,,,561:268:545:49:851:27:866:246,
5.533333333333333,0.0009644421637010317,,,561:268:545:49:851:27:866:246,
5.55,0.0009644421637010317,,,561:268:545:49:851:27:866:246,
5.566666666666666,0.0009644421637010317,,,561:268:545:49:851:27:866:246,
5.583333333333333,0.0009644421637010317,,,561:268:545:49:851:27:867:246,
5.6,0.0009644421637010317,,,561:268:545:49:851:27:867:246,
5.616666666666666,0.0009644421637010317,,,561:268:545:49:851:27:867:246,
5.633333333333334,0.0009644421637010317,,,561:268:545:49:851:27:866:246,
5.65,0.0009644421637010317,,,561:268:545:49:851:28:866:246,
5.666666666666667,0.0009644421637010317,,,561:268:545:49:851:27:866:246,
5.683333333333334,0.0009644421637010317,,,561:268:545:49:851:28:866:247,
5.7,0.0009644421637010317,,,560:268:545:49:851:28:866:247,
5.716666666666667,0.0009644421637010317,,,561:268:546:49:851:28:866:247,
5.733333333333333,0.0009644421637010317,,,561:268:545:49:851:27:866:246,
5.75,0.0009648562855832249,,,561:268:545:49:851:28:866:246,
5.766666666666667,0.0009648562855832249,,,561:268:546:49:851:28:866:247,
5.783333333333333,0.0009648562855832249,,,561:268:546:49:851:28:866:247,
5.8,0.0009648562855832249,,,561:268:546:49:851:28:866:247,
5.816666666666666,0.0009648562855832249,,,561:268:546:49:851:28:866:247,
5.833333333333333,0.0009652704074654179,,,561:268:546:49:851:28:866:247,
5.85,0.0009652704074654179,,,561:268:545:49:851:27:866:246,
5.866666666666666,0.0009655272228737987,,,560:266:546:47:851:28:865:247,
5.883333333333334,0.0009657840382821795,,,560:266:546:47:851:27:865:247,
5.9,0.0009657840382821795,,,560:266:546:47:851:28:865:247,
5.916666666666667,0.0009657840382821795,,,561:268:546:49:851:27:866:247,
5.933333333333334,0.0009657840382821795,,,560:266:546:47:851:28:865:246,
5.95,0.0009657840382821795,,,560:266:546:47:851:28:865:247,
5.966666666666667,0.0009657840382821795,,,561:268:546:49:851:28:866:247,
5.983333333333333,0.0009657840382821795,,,561:267:546:48:851:27:865:246,
6.0,0.0009657840382821795,,,560:267:546:48:851:28:865:246,
6.016666666666667,0.0009657840382821795,,,560:266:546:47:851:28:865:247,
6.033333333333333,0.0009657840382821795,,,561:268:545:49:851:28:866:247,
6.05,0.0009657840382821795,,,560:267:546:48:851:27:865:246,
6.066666666666666,0.0009657840382821795,,,560:267:546:48:851:28:865:246,
6.083333333333333,0.0009657840382821795,,,561:268:545:50:851:27:866:246,
6.1,0.0009657840382821795,,,561:268:545:49:850:28:866:247,
6.116666666666666,0.0009657840382821795,,,561:268:545:49:850:28:866:246,
6.133333333333334,0.0009657840382821795,,,561:268:545:49:850:28:866:246,
6.15,0.0009657840382821795,,,560:266:546:48:851:28:865:246,
6.166666666666667,0.0009657840382821795,,,561:268:545:49:851:28:866:247,
6.183333333333334,0.0009657840382821795,,,561:268:545:49:851:28:866:246,
6.2,0.0009657840382821795,,,561:268:545:49:851:28:866:246,
6.216666666666667,0.0009657840382821795,,,561:268:545:49:851:28:866:247,
6.233333333333333,0.0009657840382821795,,,561:268:545:49:851:28:866:247,
6.25,0.0009657840382821795,,,560:268:545:48:851:28:866:247,
6.266666666666667,0.0009657840382821795,,,560:268:545:49:851:28:866:247,
6.283333333333333,0.0009657840382821795,,,560:268:545:49:851:28:866:247,
6.3,0.0009657840382821795,,,560:268:545:49:851:28:866:247,
6.316666666666666,0.0009657840382821795,,,560:268:545:49:851:28:866:247,
6.333333333333333,0.0009657840382821795,,,561:268:545:49:851:27:866:247,
6.35,0.0009657840382821795,,,560:266:546:47:851:27:865:246,
6.366666666666666,0.0009657840382821795,,,560:266:546:47:851:28:865:247,
6.383333333333334,0.0009657840382821795,,,561:268:546:48:851:28:866:247,
6.4,0.0009657840382821795,,,561:268:545:48:851:27:866:247,
6.416666666666667,0.0009657840382821795,,,561:268:545:49:851:28:866:246,
6.433333333333334,0.0009657840382821795,,,561:268:545:49:851:28:866:246,
6.45,0.0009657840382821795,,,561:268:545:49:851:27:866:246,
6.466666666666667,0.0009657840382821795,,,561:268:545:49:851:27:866:246,
6.483333333333333,0.0009657840382821795,,,561:268:545:49:851:28:866:247,
6.5,0.0009657840382821795,,,561:268:545:50:851:27:866:246,
6.516666666666667,0.0009657840382821795,,,561:268:545:49:850:28:866:246,
6.533333333333333,0.0009657840382821795,,,561:268:545:49:851:28:866:247,
6.55,0.0009657840382821795,,,561:268:545:49:851:27:866:246,
6.566666666666666,0.0009657840382821795,,,561:268:545:49:851:28:866:246,
6.583333333333333,0.0009657840382821795,,,561:268:546:49:851:28:866:247,
6.6,0.0009657840382821795,,,561:268:545:49:851:27:866:247,
6.616666666666666,0.0009657840382821795,,,561:268:545:49:851:28:866:247,
6.633333333333334,0.0009657840382821795,,,561:268:545:49:851:28:866:247,
6.65,0.0009657840382821795,,,561:268:545:49:851:27:866:246,
6.666666666666667,0.0009657840382821795,,,561:268:545:49:851:27:866:246,
6.683333333333334,0.0009657840382821795,,,561:268:545:49:851:28:866:246,
6.7,0.0009657840382821795,,,561:269:545:50:851:27:867:247,
6.716666666666667,0.0009657840382821795,,,559:262:545:44:849:25:863:243,
6.733333333333333,0.0009657840382821795,,,561:267:547:48:851:27:866:246,
6.75,0.0009657840382821795,,,560:268:546:51:851:31:865:248,
6.766666666666667,0.0009657840382821795,,,561:268:545:49:850:27:866:246,
6.783333333333333,0.0009657840382821795,,,561:267:545:49:850:27:866:245,
6.8,0.0009657840382821795,,,560:268:545:50:850:29:865:247,
6.816666666666666,0.0009657840382821795,,,561:268:545:49:850:27:866:246,
6.833333333333333,0.0009657840382821795,,,560:266:546:47:850:27:865:246,
6.85,0.0009657840382821795,,,561:268:545:50:851:28:866:247,
6.866666666666666,0.0009657840382821795,,,560:266:546:47:850:27:865:246,
6.883333333333334,0.0009657840382821795,,,561:268:545:49:850:27:866:246,
6.9,0.0009657840382821795,,,560:268:546:48:850:28:865:247,
6.916666666666667,0.0009657840382821795,,,561:268:545:49:850:27:866:246,
6.933333333333334,0.0009657840382821795,,,560:267:546:48:851:28:865:247,
6.95,0.0009657840382821795,,,561:268:545:49:850:28:866:247,
6.966666666666667,0.0009657840382821795,,,560:266:546:47:851:27:865:246,
6.983333333333333,0.0009657840382821795,,,561:268:546:49:850:28:865:247,
7.0,0.0009657840382821795,1145:541,1112:447,561:268:545:49:850:27:866:246,19.34432927212115
7.016666666666667,0.0009657840382821795,1140:542,1105:448,561:268:545:49:850:27:866:246,20.422333024723436
7.033333333333333,0.0009657840382821795,1136:543,1096:450,560:268:545:49:850:27:866:247,23.27290406408198
7.05,0.0009657840382821795,1131:544,1086:452,561:268:545:49:850:27:866:246,26.06466407828576
7.066666666666666,0.0009657840382821795,1120:549,1072:454,561:268:545:49:850:27:866:246,26.805788329799793
7.083333333333333,0.0009657840382821795,1092:557,1057:457,561:268:545:49:850:27:866:247,19.290046219188735
7.1,0.0009657840382821795,1076:561,1042:460,560:266:546:47:850:27:865:246,18.604965473802313
7.116666666666666,0.0009657840382821795,1058:565,1028:463,561:268:545:49:850:27:866:246,16.389540334034784
7.133333333333334,0.0009657840382821795,1039:571,1009:469,561:268:546:49:850:27:866:247,16.389540334034784
7.15,0.0009657840382821795,1015:571,983:477,561:268:545:49:850:27:866:246,18.799885158652657
7.166666666666667,0.0009657840382821795,994:576,962:483,561:268:546:49:850:28:866:247,18.987624087870167
7.183333333333334,0.0009657840382821795,988:595,948:486,561:267:546:48:851:28:865:247,20.151747034211887
7.2,0.0009657840382821795,967:602,918:496,561:268:546:49:850:27:866:247,24.809408375459544
7.216666666666667,0.0009657840382821795,943:609,894:505,561:267:546:48:850:27:865:246,25.227649467428588
7.233333333333333,0.0009657840382821795,919:616,882:506,561:268:545:49:851:28:867:246,18.591067726780302
7.25,0.0009657840382821795,892:624,845:517,561:268:545:49:850:27:866:246,23.713594886340914
7.266666666666667,0.0009657840382821795,863:632,835:519,561:268:545:49:850:27:866:246,13.916877433301273
7.283333333333333,0.0009657840382821795,829:641,795:529,561:268:545:49:850:27:866:246,16.886791123944043
7.3,0.0009657840382821795,811:647,769:538,561:268:546:48:851:27:866:247,21.072726619950554
7.316666666666666,0.0009657840382821795,779:655,742:546,561:268:546:48:850:27:865:247,18.749757630311112
7.333333333333333,0.0009657840382821795,758:662,715:555,561:268:545:49:850:27:866:246,21.893673141728428
7.35,0.0009657840382821795,,,560:266:546:47:850:27:865:246,
7.366666666666666,0.0009657840382821795,718:667,677:566,560:266:546:47:851:27:865:247,22.09423034158281
7.383333333333334,0.0009657840382821795,677:685,638:577,560:266:546:47:851:27:865:246,19.855214369321057
7.4,0.0009657840382821795,624:692,625:583,560:268:546:48:850:27:865:247,-0.5256346064576132
7.416666666666667,0.0009657840382821795,597:696,601:591,561:268:545:49:850:27:866:246,-2.181641403551466
7.433333333333334,0.0009657840382821795,570:697,577:598,561:268:545:49:850:27:866:246,-4.0444855741811025
7.45,0.0009657840382821795,570:707,555:604,561:268:545:49:850:27:866:246,8.28579702395375
7.466666666666667,0.0009657840382821795,544:713,531:613,561:268:545:49:850:27:866:246,7.406912128495229
7.483333333333333,0.0009657840382821795,511:724,510:619,561:268:545:49:850:27:866:246,0.5456575934157205
7.5,0.0009657840382821795,489:723,491:623,561:268:545:49:850:27:866:246,-1.1457628381751033
7.516666666666667,0.0009657840382821795,467:727,471:626,561:268:545:49:850:27:866:246,-2.2679545359058344
7.533333333333333,0.0009657840382821795,446:732,453:634,561:268:545:49:850:27:866:246,-4.085616779974877
7.55,0.0009657840382821795,426:736,432:639,561:268:545:49:850:27:866:246,-3.5395591685499537
7.566666666666666,0.0009657840382821795,407:739,415:642,561:268:545:49:850:27:865:247,-4.714754518704946
7.583333333333333,0.0009657840382821795,390:742,399:645,561:268:545:49:850:27:866:246,-5.300926516525688
7.6,0.0009657840382821795,375:744,383:647,561:268:545:49:850:27:866:246,-4.714754518704946
7.616666666666666,0.0009657840382821795,361:746,368:649,561:268:545:49:850:27:866:246,-4.127591702511724
7.633333333333334,0.0009657840382821795,348:747,356:651,560:268:545:49:850:27:866:246,-4.763641690726178
7.65,0.0009657840382821795,336:748,345:652,561:268:545:49:850:27:866:246,-5.35582504285519
7.666666666666667,0.0009657840382821795,325:747,337:652,561:268:545:49:850:27:866:246,-7.199233638367645
7.683333333333334,0.0009657840382821795,315:746,330:652,560:268:545:49:850:28:865:247,-9.066502739816176
7.7,0.0009657840382821795,309:745,325:650,561:268:545:49:850:27:866:246,-9.560096480886301
7.716666666666667,0.0009657840382821795,305:743,323:648,561:268:545:49:850:27:866:246,-10.72885929801005
7.733333333333333,0.0009657840382821795,302:739,322:645,561:268:545:49:850:27:866:246,-12.011478386365441
7.75,0.0009657840382821795,301:736,323:642,561:268:545:50:850:27:866:246,-13.172553423326892
7.766666666666667,0.0009657840382821795,303:732,324:637,561:268:545:49:850:27:866:246,-12.46493284206499
7.783333333333333,0.0009657840382821795,306:727,326:632,561:268:545:49:850:27:866:246,-11.888658039627975
7.8,0.0009657840382821795,311:722,330:625,561:268:545:50:850:27:866:246,-11.082569463029651
7.816666666666666,0.0009657840382821795,319:716,335:618,560:268:545:49:850:27:866:247,-9.2726017772003
7.833333333333333,0.0009657840382821795,327:709,342:612,560:268:545:49:850:27:866:247,-8.790543182813945
7.85,0.0009657840382821795,337:702,351:605,561:268:545:49:850:27:866:246,-8.212780189285887
7.866666666666666,0.0009657840382821795,349:695,362:598,561:269:545:50:850:27:867:246,-7.633330587231303
7.883333333333334,0.0009657840382821795,361:687,374:590,561:268:545:49:850:27:866:247,-7.633330587231303
7.9,0.0009657840382821795,375:679,389:581,561:268:545:49:850:27:866:246,-8.13010235415598
7.916666666666667,0.0009657840382821795,390:671,406:573,560:268:545:49:850:27:866:246,-9.2726017772003
7.933333333333334,0.0009657840382821795,405:669,425:564,560:268:545:49:850:28:866:246,-10.7842978675626
7.95,0.0009657840382821795,425:664,446:556,560:268:545:49:850:27:866:247,-11.003540851749504
7.966666666666667,0.0009657840382821795,444:655,466:546,561:268:545:49:850:27:866:246,-11.410983126765393
7.983333333333333,0.0009657840382821795,465:647,485:537,560:268:545:49:850:28:865:247,-10.304846468766033
8.0,0.0009657840382821795,462:618,505:529,561:268:545:49:850:27:866:246,-25.78732818281437
8.016666666666667,0.0009657840382821795,485:614,524:518,561:268:545:49:850:28:866:246,-22.109448343751673
8.033333333333333,0.0009657840382821795,510:611,544:509,561:269:545:50:850:28:866:247,-18.43494882292201
8.05,0.0009657840382821795,563:612,553:500,561:268:545:49:850:27:866:246,5.10216525235819
8.066666666666666,0.0009657840382821795,589:603,589:491,561:268:545:50:850:27:866:246,0.0
8.083333333333334,0.0009657840382821795,614:595,614:483,561:268:545:50:851:27:867:246,0.0
8.1,0.0009657840382821795,641:588,641:475,561:268:545:50:851:27:867:246,0.0
8.116666666666667,0.0009657840382821795,664:581,665:469,561:268:545:50:851:28:866:246,-0.5115558665870411
8.133333333333333,0.0009657840382821795,689:575,688:462,560:267:546:48:851:28:865:246,0.5070290609147756
8.15,0.0009657840382821795,713:569,714:456,561:268:545:49:851:27:866:247,-0.5070290609147756
8.166666666666666,0.0009657840382821795,736:563,743:451,561:268:545:49:851:28:866:246,-3.576334374997351
8.183333333333334,0.0009657840382821795,760:559,750:447,561:268:545:49:851:27:866:246,5.10216525235819
8.2,0.0009657840382821795,784:555,776:443,561:268:545:50:851:27:867:246,4.085616779974877
8.216666666666667,0.0009657840382821795,811:551,802:441,561:268:545:49:851:27:866:247,4.67741785888175
8.233333333333333,0.0009657840382821795,835:549,827:438,561:268:545:49:851:27:866:247,4.122297811783642
8.25,0.0009657840382821795,861:547,850:437,561:268:545:49:851:27:866:246,5.710593137499642
8.266666666666667,0.0009657840382821795,879:545,874:435,561:268:545:50:851:28:867:246,2.602562202499806
8.283333333333333,0.0009657840382821795,906:540,901:437,561:268:545:50:851:27:867:246,2.7791668640720806
8.3,0.0009657840382821795,932:539,924:437,561:268:545:50:851:27:867:246,4.484606009544626
8.316666666666666,0.0009657840382821795,957:538,945:439,561:268:545:50:851:27:867:246,6.911227119024681
8.333333333333334,0.0009657840382821795,983:539,967:440,561:268:545:49:851:27:866:247,9.18054195762615
8.35,0.0009657840382821795,1007:541,986:444,561:268:545:49:851:27:866:247,12.215719134130856
8.366666666666667,0.0009657840382821795,1029:542,1004:448,561:268:545:49:850:28:865:247,14.89347295884161
8.383333333333333,0.0009657840382821795,1049:545,1018:452,561:268:545:49:851:27:866:247,18.43494882292201
8.4,0.0009657840382821795,1066:549,1033:457,560:268:545:48:851:27:866:247,19.73268949966101
8.416666666666666,0.0009657840382821795,1081:553,1047:462,561:268:545:49:851:27:866:247,20.487014193330708
8.433333333333334,0.0009657840382821795,1095:557,1059:468,561:268:545:49:851:27:866:247,22.02305549681125
8.45,0.0009657840382821795,1106:563,1070:473,561:268:545:49:851:27:866:247,21.80140948635181
8.466666666666667,0.0009657840382821795,1118:570,1087:475,561:268:545:49:851:27:866:247,18.072322148959497
8.483333333333333,0.0009657840382821795,1128:576,1095:481,561:269:544:50:851:27:867:246,19.15561244543967
8.5,0.0009657840382821795,1136:581,1099:488,561:268:545:49:851:28:866:246,21.69510946079689
8.516666666666667,0.0009657840382821795,1144:583,1101:495,561:268:545:49:851:28:866:246,26.041816594893806
8.533333333333333,0.0009657840382821795,1150:587,1102:502,561:268:546:49:851:28:866:247,29.453672726920946
8.55,0.0009657840382821795,1153:593,1100:510,561:268:545:49:851:27:866:247,32.56043798115345
8.566666666666666,0.0009657840382821795,1153:599,1097:518,560:268:546:48:851:28:866:247,34.658354705521106
8.583333333333334,0.0009657840382821795,1150:606,1092:526,561:268:546:48:851:28:866:247,35.94211187138234
8.6,0.0009657840382821795,1146:613,1086:534,561:269:545:50:851:27:867:247,37.216440473534604
8.616666666666667,0.0009657840382821795,1140:620,1074:546,561:268:545:49:851:27:866:247,41.729512076816434
8.633333333333333,0.0009655272228737987,1135:627,1063:554,561:268:545:49:851:27:867:246,44.604862957492514
8.65,0.0009652704074654179,1126:634,1052:561,560:268:545:49:851:28:866:247,45.38976119531806
8.666666666666666,0.0009652704074654179,1112:642,1040:567,560:268:546:48:851:28:866:247,43.830860672092584
8.683333333333334,0.0009651022540163837,1096:651,1035:568,561:268:545:48:851:27:866:247,36.31364541876335
8.7,0.0009651022540163837,1078:658,1020:575,560:267:546:48:851:27:866:247,34.945664400005654
8.716666666666667,0.0009651022540163837,1060:666,1005:581,560:267:546:48:851:27:866:247,32.9052429229879
8.733333333333333,0.0009651022540163837,1041:673,985:587,561:268:545:49:851:27:866:246,33.07067782276167
8.75,0.0009649341005673496,1020:679,964:593,561:269:545:50:851:27:867:246,33.07067782276167
8.766666666666667,0.0009649341005673496,999:685,941:600,561:268:545:49:851:27:867:246,34.30778784471597
8.783333333333333,0.0009649341005673496,975:690,919:605,561:268:546:48:851:27:866:247,33.377832036430426
8.8,0.0009649341005673496,951:696,898:609,561:268:545:49:851:27:866:246,31.34958086524301
8.816666666666666,0.0009649341005673496,925:701,875:613,561:268:546:49:851:27:866:247,29.60445074600491
8.833333333333334,0.0009651022540163837,898:706,854:616,561:268:546:49:851:27:866:247,26.05349531049095
8.85,0.0009651022540163837,871:711,829:623,561:268:545:49:851:27:866:246,25.513870427534243
8.866666666666667,0.0009652704074654179,844:715,806:626,561:268:545:49:851:27:866:246,23.120848662424716
8.883333333333333,0.0009652704074654179,824:715,782:629,561:268:545:48:851:27:866:247,26.02959219151346
8.9,0.0009652704074654179,796:719,758:630,561:268:545:49:851:27:866:246,23.120848662424716
8.916666666666666,0.0009652704074654179,767:722,730:631,561:268:546:49:851:28:866:247,22.126334809373287
8.933333333333334,0.0009652704074654179,738:724,709:634,561:268:546:49:851:27:866:247,17.860094070679057
8.95,0.0009652704074654179,709:726,684:634,561:268:546:49:851:27:866:247,15.202408709176144
8.966666666666667,0.0009652704074654179,682:727,660:635,561:268:545:49:851:27:866:246,13.448615051686517
8.983333333333333,0.0009652704074654179,654:728,635:635,561:268:545:49:851:27:867:246,11.546690545927323
9.0,0.0009652704074654179,627:728,610:635,561:268:546:49:851:27:866:247,10.359052488083712
9.016666666666667,0.0009652704074654179,601:728,586:635,561:268:546:48:851:27:866:247,9.16234704572171
9.033333333333333,0.0009651022540163837,576:728,563:635,561:268:545:49:851:27:866:247,7.957525226917142
9.05,0.0009651022540163837,550:727,536:632,561:268:545:49:851:27:866:246,8.38324848092935
9.066666666666666,0.0009651022540163837,526:725,515:631,560:267:546:48:851:27:865:246,6.674469047117571
9.083333333333334,0.0009651022540163837,502:723,498:628,561:268:545:50:851:28:867:246,2.4110297466112307
9.1,0.0009651022540163837,479:721,478:627,561:268:545:49:851:28:866:247,0.6095065766751959
9.116666666666667,0.0009651022540163837,455:718,460:625,561:268:545:49:851:28:866:246,-3.077455399424377
9.133333333333333,0.0009649341005673496,433:715,441:624,561:268:545:49:851:28:866:247,-5.024075258539548
9.15,0.0009651022540163837,412:711,426:621,561:268:545:50:850:28:866:246,-8.841814560191672
9.166666666666666,0.0009649341005673496,394:707,412:617,561:268:545:50:851:28:867:246,-11.309932474020213
9.183333333333334,0.0009649341005673496,376:701,398:613,561:268:545:50:851:27:867:246,-14.036243467926479
9.2,0.0009649341005673496,361:696,385:608,561:268:545:50:851:28:867:246,-15.255118703057777
9.216666666666667,0.0009649341005673496,347:690,374:603,561:268:545:50:851:28:867:246,-17.241459398939973
9.233333333333333,0.0009649341005673496,334:684,363:598,561:268:546:49:851:27:866:246,-18.63458487744639
9.25,0.0009649341005673496,321:676,355:593,561:268:546:49:851:27:866:246,-22.275897848258975
9.266666666666667,0.0009651022540163837,313:669,348:587,560:266:546:48:851:28:865:246,-23.114207983326832
9.283333333333333,0.0009652704074654179,305:661,341:581,561:267:546:49:851:28:866:247,-24.22774531795417
9.3,0.0009652704074654179,299:654,337:575,561:268:545:49:850:27:866:246,-25.688143435647348
9.316666666666666,0.0009652704074654179,294:645,335:569,561:267:546:48:851:27:866:246,-28.345693623076674
9.333333333333334,0.0009652704074654179,291:637,336:563,561:268:545:50:851:28:867:246,-31.304123495590975
9.35,0.0009652704074654179,290:630,339:557,561:268:546:49:851:28:866:247,-33.87081071038882
9.366666666666667,0.0009652704074654179,291:621,345:552,561:268:546:49:851:27:866:246,-38.04704253182609
9.383333333333333,0.0009652704074654179,291:612,351:545,561:268:545:50:851:28:867:246,-41.84515713520802
9.4,0.0009652704074654179,293:604,359:536,561:268:545:50:851:28:867:246,-44.14490260373328
9.416666666666666,0.0009652704074654179,298:596,370:533,561:268:546:49:851:27:866:246,-48.81407483429036
9.433333333333334,0.0009652704074654179,307:590,383:526,561:268:546:49:851:28:866:246,-49.899092453787766
9.45,0.0009655272228737987,318:584,395:518,561:268:546:49:851:28:866:247,-49.398705354995535
9.466666666666667,0.0009657840382821795,331:579,,561:268:546:49:850:27:866:246,
9.483333333333333,0.0009657840382821795,346:573,,561:267:546:48:850:27:865:246,
9.5,0.0009657840382821795,361:567,,561:268:545:50:850:28:866:246,
9.516666666666667,0.0009657840382821795,379:562,446:494,561:268:546:49:850:28:866:247,-44.57559458063853
9.533333333333333,0.0009657840382821795,397:557,464:488,561:268:546:49:850:28:866:247,-44.15747573925959
9.55,0.0009657840382821795,417:551,484:481,561:268:545:49:850:28:866:247,-43.745548377318464
9.566666666666666,0.0009657840382821795,438:547,504:472,561:268:546:49:850:28:865:247,-41.34777721969367
9.583333333333334,0.0009657840382821795,460:544,523:465,561:268:545:49:850:28:866:247,-38.571252251170144
9.6,0.0009657840382821795,484:542,543:461,561:268:545:49:850:28:866:247,-36.069409899581004
9.616666666666667,0.0009657840382821795,509:540,563:455,561:268:545:49:850:28:866:247,-32.42755499577247
9.633333333333333,0.0009657840382821795,534:539,583:451,560:268:545:49:850:28:865:247,-29.109855556891088
9.65,0.0009657840382821795,567:537,601:445,561:268:545:49:850:28:866:247,-20.282559088916607
9.666666666666666,0.0009657840382821795,594:537,620:440,561:268:545:49:850:28:866:246,-15.004920382860224
9.683333333333334,0.0009657840382821795,600:541,640:436,561:268:545:50:850:28:866:246,-20.854458039578347
9.7,0.0009657840382821795,628:542,660:433,561:268:545:50:850:28:866:246,-16.361077455346305
9.716666666666667,0.0009657840382821795,653:544,667:432,561:268:545:50:850:28:866:246,-7.125016348901798
9.733333333333333,0.0009657840382821795,684:546,683:433,561:268:545:50:850:28:866:246,0.5070290609147756
9.75,0.0009657840382821795,710:548,705:436,561:268:545:49:850:27:866:246,2.5561500785782822
9.766666666666667,0.0009662033057082169,734:551,713:440,561:268:545:50:850:28:866:246,10.713123022791036
9.783333333333333,0.0009662033057082169,755:550,735:446,561:268:545:49:850:28:866:247,10.885527054658738
9.8,0.0009662033057082169,781:553,756:452,561:268:545:49:850:28:866:246,13.902687114220553
9.816666666666666,0.0009662033057082169,808:556,777:459,561:268:545:50:850:28:866:246,17.723236616886318
9.833333333333334,0.0009662033057082169,836:561,806:464,561:268:545:50:850:28:866:246,17.18570614422477
9.85,0.0009666225731342541,863:567,819:475,560:268:545:49:850:28:865:247,25.559965171823812
9.866666666666667,0.0009666225731342541,889:573,840:484,560:268:545:49:850:28:866:247,28.835500847743084
9.883333333333333,0.0009666225731342541,915:578,860:492,561:268:545:50:850:28:866:246,32.60033357369024
9.9,0.0009666225731342541,940:584,881:502,561:268:545:50:850:28:866:246,35.73547601486702
9.916666666666666,0.0009666225731342541,964:591,900:512,561:268:545:50:850:28:866:246,39.01185162422449
9.933333333333334,0.0009666225731342541,988:599,919:522,561:268:545:50:850:28:867:246,41.86364163166741
9.95,0.0009666225731342541,1006:607,937:532,561:268:545:50:851:28:867:246,42.61405596961119
9.966666666666667,0.0009666225731342541,1025:616,957:539,561:268:545:49:851:28:866:246,41.4482666451796
9.983333333333333,0.0009666225731342541,1043:625,973:552,561:268:545:49:851:28:866:246,43.79816693554788
10.0,0.0009662033057082169,1059:634,990:562,561:268:545:50:850:27:867:246,43.78112476486871
10.016666666666667,0.0009666225731342541,1073:643,1005:571,561:268:545:50:850:28:866:246,43.36342295838329
10.033333333333333,0.0009666225731342541,1084:653,1019:579,561:268:545:50:850:28:866:246,41.29537255792289
10.05,0.0009666225731342541,1095:662,1031:587,561:268:545:50:850:28:866:246,40.47523152716581
10.066666666666666,0.0009666225731342541,1104:671,1042:595,561:268:545:49:850:27:866:246,39.20720350496784
10.083333333333334,0.0009666225731342541,1111:680,1050:603,561:268:545:50:850:28:866:246,38.38653951768524
10.1,0.0009666225731342541,1117:688,1057:610,561:268:545:49:850:28:866:246,37.568592028827496
10.116666666666667,0.0009666225731342541,1122:696,1060:618,561:268:545:50:850:28:866:246,38.480198248343015
10.133333333333333,0.0009666225731342541,1126:703,1062:627,561:268:545:49:850:27:866:247,40.10090754621224
10.15,0.0009666225731342541,1128:710,1061:635,561:268:545:49:850:28:866:246,41.775477393480095
10.166666666666666,0.0009666225731342541,1127:716,1059:642,561:268:545:49:850:28:866:246,42.58049078334367
10.183333333333334,0.0009666225731342541,1124:722,1055:648,561:268:545:49:851:28:866:246,42.99746686817312
10.2,0.0009666225731342541,1118:727,1051:654,560:268:546:48:850:28:865:247,42.54596832547293
10.216666666666667,0.0009666225731342541,1111:731,1047:657,560:268:545:48:850:28:865:247,40.85537625889571
10.233333333333333,0.0009666225731342541,1101:735,1039:660,561:268:546:49:850:28:865:247,39.57940471623763
10.25,0.0009666225731342541,1090:740,1030:663,561:268:546:49:850:28:865:247,37.92646232503863
10.266666666666667,0.0009666225731342541,1076:744,1019:664,560:268:546:48:850:28:865:247,35.469872167400055
10.283333333333333,0.0009666225731342541,1061:748,1006:662,560:268:545:49:850:28:865:247,32.60033357369024
10.3,0.0009666225731342541,1045:751,992:663,561:268:545:50:850:28:866:246,31.059408829709984
10.316666666666666,0.0009666225731342541,1027:752,976:663,560:268:545:49:850:28:865:247,29.81416273779868
10.333333333333334,0.0009666225731342541,1008:753,958:663,561:268:545:50:850:28:866:246,29.054604099077146
10.35,0.0009666225731342541,989:752,939:663,560:268:545:49:850:28:866:247,29.327179490456803
10.366666666666667,0.0009666225731342541,968:751,920:664,561:268:545:49:850:27:866:247,28.88658176691071
10.383333333333333,0.0009666225731342541,947:749,897:665,561:268:545:49:850:28:866:246,30.76271953423892
10.4,0.0009666225731342541,924:747,874:663,561:268:545:49:850:28:866:246,30.76271953423892
10.416666666666666,0.0009666225731342541,908:741,850:660,561:268:545:50:850:28:866:246,35.60453398043311
10.433333333333334,0.0009666225731342541,881:739,827:656,561:268:545:49:850:28:866:246,33.04812486997523
10.45,0.0009666225731342541,854:737,804:651,561:268:545:49:850:28:866:246,30.173520029644333
10.466666666666667,0.0009666225731342541,826:733,780:645,560:268:545:49:850:28:866:247,27.59729586864372
10.483333333333333,0.0009662033057082169,798:729,758:638,560:268:545:49:850:28:866:247,23.728391075952537
10.5,0.0009657840382821795,768:725,732:631,561:268:545:49:850:28:866:246,20.955776730632184
10.516666666666667,0.0009657840382821795,740:721,710:625,561:268:545:49:850:28:866:247,17.35402463626132
10.533333333333333,0.0009657840382821795,728:715,687:617,561:268:545:49:850:28:866:246,22.70284212321282
10.55,0.0009657840382821795,701:711,659:608,561:268:545:49:850:28:866:246,22.184013345269975
10.566666666666666,0.0009657840382821795,667:708,634:600,561:268:545:49:850:28:866:246,16.990823291986167
10.583333333333334,0.0009657840382821795,640:702,610:593,560:266:546:48:851:28:865:246,15.388467832758984
10.6,0.0009657840382821795,617:694,587:584,560:268:546:48:850:28:865:247,15.255118703057777
10.616666666666667,0.0009657840382821795,585:689,565:577,560:267:545:48:850:27:865:246,10.124671655397817
10.633333333333333,0.0009657840382821795,562:682,545:569,561:268:545:50:850:28:866:246,8.55555824341289
10.65,0.0009657840382821795,538:675,525:561,560:268:545:49:850:28:866:247,6.505626645683682
10.666666666666666,0.0009662033057082169,517:667,506:553,560:268:545:49:850:28:865:247,5.5114774160206155
10.683333333333334,0.0009657840382821795,489:659,490:544,560:268:545:49:850:28:866:247,-0.49821161261364194
10.7,0.0009657840382821795,469:651,505:550,560:266:546:48:850:27:865:246,-19.617879408118284
10.716666666666667,0.0009657840382821795,448:643,488:542,561:268:545:49:850:28:866:246,-21.60552724263848
10.733333333333333,0.0009657840382821795,431:629,473:538,561:268:545:49:850:28:866:246,-24.77514056883192
10.75,0.0009657840382821795,412:619,459:533,561:268:545:49:850:28:866:246,-28.657117456558133
10.766666666666667,0.0009657840382821795,392:611,446:528,560:268:545:49:850:28:865:247,-33.04812486997523
10.783333333333333,0.0009657840382821795,375:603,434:523,560:268:545:49:850:28:866:247,-36.408774567772355
10.8,0.0009657840382821795,359:595,422:519,561:268:545:49:850:28:866:246,-39.65694424142484
10.816666666666666,0.0009657840382821795,344:588,411:514,561:268:546:49:851:28:865:247,-42.15786211634434
10.833333333333334,0.0009657840382821795,333:581,401:509,561:268:545:49:850:27:866:246,-43.36342295838329
10.85,0.0009657840382821795,323:575,392:504,561:268:546:49:850:28:865:247,-44.181544538311385
10.866666666666667,0.0009657840382821795,315:568,383:499,561:268:545:49:850:28:866:246,-44.581790058502904
10.883333333333333,0.0009657840382821795,306:561,375:495,561:268:546:49:850:28:865:247,-46.27303002005671
10.9,0.0009657840382821795,300:555,369:491,561:268:545:49:850:28:866:246,-47.152962789100464
10.916666666666666,0.0009657840382821795,295:548,365:486,561:268:545:49:850:28:866:246,-48.46822925891715
10.933333333333334,0.0009657840382821795,290:541,364:484,561:268:546:49:850:28:866:247,-52.39400864259828
10.95,0.0009657840382821795,287:535,364:480,561:268:545:49:850:27:866:246,-54.46232220802562
10.966666666666667,0.0009657840382821795,288:531,,561:268:546:49:850:28:865:247,
10.983333333333333,0.0009657840382821795,290:526,,561:268:546:49:850:28:865:247,
11.0,0.0009657840382821795,295:525,,561:268:546:49:850:28:866:247,
11.016666666666667,0.0009657840382821795,301:523,386:469,561:268:545:49:850:28:866:246,-57.57244500422753
11.033333333333333,0.0009657840382821795,310:522,392:465,561:268:546:49:850:28:865:247,-55.19598824728679
11.05,0.0009657840382821795,319:521,398:462,561:269:545:50:850:28:867:247,-53.24632081446853
11.066666666666666,0.0009657840382821795,331:520,407:457,561:268:546:49:851:28:866:247,-50.34305575857516
11.083333333333334,0.0009657840382821795,345:520,414:456,561:269:545:50:851:28:867:247,-47.152962789100464
11.1,0.0009657840382821795,365:526,421:452,561:268:546:49:851:28:866:247,-37.116860683270275
11.116666666666667,0.0009657840382821795,383:530,433:451,561:269:545:50:851:28:867:247,-32.33018573505035
11.133333333333333,0.0009657840382821795,401:533,446:451,561:269:545:50:850:28:867:247,-28.757120897302418
11.15,0.0009657840382821795,420:536,461:451,561:269:545:50:850:28:866:247,-25.75047412731827
11.166666666666666,0.0009657840382821795,439:539,477:453,561:268:545:49:850:28:866:247,-23.838740183171723
11.183333333333334,0.0009657840382821795,459:542,494:456,561:268:545:49:850:28:866:247,-22.145180038223284
11.2,0.0009657840382821795,480:546,512:460,561:268:545:49:850:28:866:247,-20.409882833803987
11.216666666666667,0.0009657840382821795,502:551,531:464,561:268:545:49:850:28:866:246,-18.43494882292201
11.233333333333333,0.0009657840382821795,527:557,550:468,561:268:545:49:851:28:866:246,-14.489762593884448
11.25,0.0009657840382821795,552:563,569:472,561:268:545:49:851:28:866:246,-10.581635520943792
11.266666666666667,0.0009657840382821795,578:569,586:478,561:268:545:49:851:28:866:246,-5.024075258539548
11.283333333333333,0.0009657840382821795,603:576,607:484,561:268:546:49:850:28:866:247,-2.489552921999156
11.3,0.0009657840382821795,629:583,628:488,561:268:545:49:851:28:866:247,0.6030911943805325
11.316666666666666,0.0009657840382821795,655:590,649:497,561:268:545:49:851:28:866:247,3.6913859864512757
11.333333333333334,0.0009657840382821795,679:597,671:504,560:266:546:47:851:28:864:247,4.91656600601002
11.35,0.0009657840382821795,701:606,690:512,560:268:546:49:851:28:866:247,6.674469047117571
11.366666666666667,0.0009657840382821795,726:614,710:520,561:268:546:49:851:28:866:247,9.659893078442336
11.383333333333333,0.0009657840382821795,753:623,732:529,561:268:546:48:851:28:866:247,12.59332995610312
11.4,0.0009657840382821795,778:632,754:538,560:268:545:49:851:28:866:247,14.322719978203553
11.416666666666666,0.0009657840382821795,803:641,776:548,561:268:545:49:851:28:866:247,16.189206257026942
11.433333333333334,0.0009657840382821795,828:650,798:559,561:268:545:49:851:28:866:247,18.24585452757825
11.45,0.0009657840382821795,853:659,820:570,561:269:545:50:851:28:867:247,20.34410125591839
11.466666666666667,0.0009657840382821795,879:668,842:580,561:269:545:50:850:27:867:247,22.804540471321047
11.483333333333333,0.0009657840382821795,903:677,862:590,561:268:545:49:850:27:866:246,25.23283132320835
11.5,0.0009657840382821795,925:685,882:599,561:268:546:49:850:28:866:247,26.56505117707799
11.516666666666667,0.0009657840382821795,946:693,901:608,561:269:545:50:850:28:866:247,27.89727103094763
11.533333333333333,0.0009657840382821795,967:702,916:619,561:268:545:50:850:28:866:246,31.568971129318335
11.55,0.0009657840382821795,987:711,933:627,560:268:546:49:851:28:865:247,32.7352262721076
11.566666666666666,0.0009657840382821795,1005:718,949:635,561:268:545:49:850:28:866:247,34.00749241973228
11.583333333333334,0.0009657840382821795,1022:725,964:642,561:268:545:50:850:28:866:246,34.945664400005654
11.6,0.0009657840382821795,1038:732,978:650,561:268:545:50:850:28:866:246,36.1932073055647
11.616666666666667,0.0009657840382821795,1052:738,991:657,561:268:545:50:850:28:866:246,36.982906926344675
11.633333333333333,0.0009657840382821795,1065:743,1006:662,561:268:545:50:850:28:866:246,36.069409899581004
11.65,0.0009657840382821795,1076:748,1016:668,561:268:545:49:851:28:866:246,36.86989764584402
11.666666666666666,0.0009657840382821795,1084:752,1026:672,561:268:545:49:851:28:866:247,35.94211187138234
11.683333333333334,0.0009657840382821795,1092:755,1034:677,560:268:545:49:851:28:866:247,36.634113875967415
11.7,0.0009657840382821795,1098:759,1040:679,560:268:546:49:851:28:866:247,35.94211187138234
11.716666666666667,0.0009657840382821795,1101:761,1044:680,560:268:545:49:850:28:865:247,35.134193056915635
11.733333333333333,0.0009657840382821795,1104:763,1045:681,560:268:546:49:850:28:865:247,35.73547601486702
11.75,0.0009657840382821795,1106:763,1045:681,561:268:546:49:851:28:866:247,36.645649164620316
11.766666666666667,0.0009657840382821795,1105:763,1041:681,561:268:546:49:851:28:866:247,37.971603761050396
11.783333333333333,0.0009657840382821795,1103:762,1030:682,560:268:545:49:851:28:866:247,42.38045120460532
11.8,0.0009657840382821795,1098:759,1026:680,560:268:546:49:851:28:866:247,42.34580448659338
11.816666666666666,0.0009657840382821795,1092:757,1020:677,560:268:546:49:851:28:866:247,41.98721249581666
11.833333333333334,0.0009657840382821795,1084:753,1019:671,560:268:545:49:850:28:865:247,38.40326170210579
11.85,0.0009657840382821795,1073:749,1011:667,560:268:545:49:851:28:866:247,37.09283729704154
11.866666666666667,0.0009657840382821795,1061:745,1003:662,561:268:545:50:851:28:867:246,34.945664400005654
11.883333333333333,0.0009657840382821795,1049:738,992:656,561:268:545:50:851:28:867:246,34.80401175271321
11.9,0.0009657840382821795,1034:733,980:649,561:269:545:50:851:28:866:247,32.7352262721076
11.916666666666666,0.0009657840382821795,1011:726,966:641,561:269:545:50:850:28:867:247,27.89727103094763
11.933333333333334,0.0009657840382821795,989:721,952:633,561:269:545:50:851:28:866:247,22.804540471321047
11.95,0.0009657840382821795,968:714,936:625,561:269:545:50:851:28:866:247,19.776076602639197
11.966666666666667,0.0009657840382821795,947:707,917:615,561:268:546:49:851:28:866:247,18.060471936199185
11.983333333333333,0.0009657840382821795,925:698,896:606,560:268:546:48:851:28:865:247,17.49575787718643
12.0,0.0009657840382821795,901:690,877:596,560:268:546:48:851:28:865:247,14.322719978203553
12.016666666666667,0.0009657840382821795,877:682,859:586,560:268:546:48:851:28:865:247,10.619655276155134
12.033333333333333,0.0009657840382821795,851:674,839:577,560:267:546:48:851:28:865:247,7.052306007841189
12.05,0.0009657840382821795,825:665,820:567,560:268:546:48:851:28:865:247,2.920721521000384
12.066666666666666,0.0009657840382821795,799:656,800:559,560:268:546:48:850:28:865:247,-0.590657214646671
12.083333333333334,0.0009657840382821795,773:647,780:550,560:268:546:48:851:28:865:247,-4.127591702511724
12.1,0.0009657840382821795,747:638,758:541,560:268:546:48:851:28:865:247,-6.4698199851731735
12.116666666666667,0.0009657840382821795,722:629,738:534,560:268:546:48:851:28:865:247,-9.560096480886301
12.133333333333333,0.0009662033057082169,697:620,728:526,560:268:546:48:850:28:865:247,-18.251895837078543
12.15,0.0009666225731342541,672:611,706:518,559:266:546:46:851:28:864:247,-20.081977484180754
12.166666666666666,0.0009666225731342541,648:603,686:511,560:268:546:48:850:28:865:247,-22.442753365294347
12.183333333333334,0.0009666225731342541,623:596,663:504,560:267:546:48:850:28:865:247,-23.498565675952097
12.2,0.0009666225731342541,600:588,642:498,560:268:545:48:850:28:865:247,-25.016893478100023
12.216666666666667,0.0009666225731342541,577:582,621:491,560:266:546:46:851:28:864:247,-25.804532399947124
12.233333333333333,0.0009666225731342541,553:576,575:477,560:268:546:48:850:28:865:247,-12.528807709151511
12.25,0.0009666225731342541,530:569,582:482,560:267:546:48:850:28:865:247,-30.866809451137076
12.266666666666667,0.0009666225731342541,507:564,561:478,560:268:546:48:850:28:865:247,-32.12499844038752
12.283333333333333,0.0009666225731342541,486:558,536:476,560:268:546:48:850:28:865:247,-31.37300514010846
12.3,0.0009666225731342541,465:553,519:473,560:268:546:48:850:28:865:247,-34.01934998982646
12.316666666666666,0.0009666225731342541,446:548,501:471,560:268:546:48:850:28:865:247,-35.53767779197438
12.333333333333334,0.0009666225731342541,427:544,487:469,560:268:546:49:850:28:865:247,-38.65980825409009
12.35,0.0009666225731342541,409:539,473:468,560:268:545:48:850:28:865:247,-42.03176597012828
12.366666666666667,0.0009666225731342541,392:537,459:467,561:268:545:49:850:28:866:247,-43.745548377318464
12.383333333333333,0.0009666225731342541,376:535,446:467,561:268:545:49:850:28:866:247,-45.830315486258016
12.4,0.0009666225731342541,362:533,434:467,561:268:545:49:850:28:866:247,-47.48955292199916
12.416666666666666,0.0009666225731342541,349:533,423:466,561:268:546:49:850:28:866:247,-47.84213788365567
12.433333333333334,0.0009666225731342541,340:533,412:467,561:268:545:49:850:28:866:247,-47.48955292199916
12.45,0.0009666225731342541,332:534,403:466,561:268:545:49:850:28:866:247,-46.23640760285615
12.466666666666667,0.0009666225731342541,325:535,395:467,560:268:545:49:850:28:865:247,-45.830315486258016
12.483333333333333,0.0009666225731342541,320:537,389:467,561:268:545:49:850:28:866:247,-44.587807258597685
12.5,0.0009666225731342541,316:540,384:469,560:268:545:49:850:28:866:247,-43.76359239714386
12.516666666666667,0.0009666225731342541,313:542,381:471,560:268:545:49:850:28:865:247,-43.76359239714386
12.533333333333333,0.0009666225731342541,311:545,380:475,560:268:545:49:850:28:866:247,-44.587807258597685
12.55,0.0009666225731342541,310:549,380:478,561:268:546:49:850:28:866:247,-44.59365376669096
12.566666666666666,0.0009666225731342541,311:552,381:482,560:268:545:49:851:28:866:247,-45.0
12.583333333333334,0.0009666225731342541,313:556,384:486,561:269:545:50:850:28:866:247,-45.40634623330903
12.6,0.0009666225731342541,318:561,388:490,561:268:545:49:850:28:866:247,-44.59365376669096
12.616666666666667,0.0009666225731342541,325:565,394:495,561:268:546:49:851:28:866:247,-44.587807258597685
12.633333333333333,0.0009666225731342541,333:571,401:499,561:268:546:49:851:28:866:247,-43.36342295838329
12.65,0.0009666225731342541,343:577,410:504,561:268:546:49:851:28:866:247,-42.54596832547293
12.666666666666666,0.0009666225731342541,354:584,420:509,561:268:546:49:851:28:866:247,-41.34777721969367
12.683333333333334,0.0009666225731342541,370:590,430:514,561:268:546:49:851:28:866:247,-38.29016319224307
12.7,0.0009666225731342541,385:597,442:518,560:268:545:49:851:28:865:247,-35.81116392264124
12.716666666666667,0.0009666225731342541,401:605,455:523,561:268:546:48:851:28:866:247,-33.36636600105956
12.733333333333333,0.0009666225731342541,417:611,469:528,561:268:546:49:850:28:865:247,-32.06739160326049
12.75,0.0009666225731342541,435:618,484:534,561:268:546:48:851:28:866:247,-30.256437163529263
12.766666666666667,0.0009666225731342541,452:625,501:540,561:268:546:49:851:28:866:247,-29.96218409641775
12.783333333333333,0.0009666225731342541,471:632,519:547,561:268:546:49:851:28:866:247,-29.453672726920946
12.8,0.0009666225731342541,490:640,538:553,561:268:546:49:851:28:866:247,-28.88658176691071
12.816666666666666,0.0009666225731342541,511:647,557:559,561:269:545:50:851:28:867:247,-27.59729586864372
12.833333333333334,0.0009666225731342541,530:656,578:566,561:269:545:50:850:28:867:247,-28.072486935852957
12.85,0.0009666225731342541,552:663,598:572,561:268:545:49:850:28:866:247,-26.81634684428694
12.866666666666667,0.0009666225731342541,574:670,619:578,561:269:545:50:850:28:866:247,-26.06466407828576
12.883333333333333,0.0009666225731342541,594:682,641:583,561:269:545:50:851:28:867:247,-25.395911849170574
12.9,0.0009666225731342541,626:691,665:587,560:268:545:49:851:28:866:247,-20.556045219583467
12.916666666666666,0.0009666225731342541,653:695,,560:268:546:48:851:28:865:247,
12.933333333333334,0.0009666225731342541,679:700,,560:268:545:48:851:28:865:247,
12.95,0.0009666225731342541,705:704,,560:268:545:49:851:28:866:247,
12.966666666666667,0.0009666225731342541,731:708,,561:268:545:49:851:28:866:247,
12.983333333333333,0.0009666225731342541,756:714,,560:268:546:49:851:28:865:247,
13.0,0.0009666225731342541,781:719,,561:269:545:50:850:28:866:247,
13.016666666666667,0.0009666225731342541,806:724,,561:268:545:49:851:28:866:247,
13.033333333333333,0.0009666225731342541,828:730,,561:268:546:49:851:28:866:247,
13.05,0.0009666225731342541,846:737,,560:268:546:49:851:28:865:247,
13.066666666666666,0.0009666225731342541,867:743,,560:268:546:49:851:28:865:247,
13.083333333333334,0.0009666225731342541,885:744,,561:268:546:49:851:28:866:247,
13.1,0.0009666225731342541,905:746,,561:268:546:49:851:28:866:247,
13.116666666666667,0.0009666225731342541,926:749,918:651,561:268:546:49:851:28:866:247,4.666858371438996
13.133333333333333,0.0009666225731342541,935:751,935:654,561:268:546:49:851:28:865:247,0.0
13.15,0.0009666225731342541,955:751,951:652,561:269:545:50:850:28:866:247,2.3137224978242164
13.166666666666666,0.0009666225731342541,982:752,965:653,561:268:546:49:851:28:866:247,9.74364128703716
13.183333333333334,0.0009666225731342541,1000:752,980:655,561:269:545:50:851:28:867:247,11.650299437537667
13.2,0.0009666225731342541,1017:750,993:653,560:268:546:49:851:28:865:247,13.89717631501536
13.216666666666667,0.0009666225731342541,1031:748,1012:653,561:269:545:50:851:28:867:247,11.309932474020213
13.233333333333333,0.0009666225731342541,1043:746,1024:651,561:269:545:50:851:28:866:247,11.309932474020213
13.25,0.0009662033057082169,1053:744,1034:648,561:269:545:50:850:28:866:247,11.195111426299977
13.266666666666667,0.0009657840382821795,1062:740,1041:646,561:269:545:50:850:28:866:247,12.59332995610312
13.283333333333333,0.0009657840382821795,1068:736,1049:642,561:269:545:50:851:28:867:247,11.427101593945137
13.3,0.0009657840382821795,1072:732,1055:638,561:269:545:50:851:28:866:247,10.251198750817432
13.316666666666666,0.0009657840382821795,1076:727,1059:631,561:269:545:50:850:28:866:247,10.04202363552951
13.333333333333334,0.0009657840382821795,1076:721,1061:625,561:269:545:50:851:28:866:247,8.880659150520245
13.35,0.0009657840382821795,1076:716,1060:619,561:269:545:50:850:28:866:247,9.366509957012122
13.366666666666667,0.0009657840382821795,1075:709,1058:611,561:268:545:49:850:27:866:246,9.841131759634388
13.383333333333333,0.0009657840382821795,1073:701,1049:606,561:269:545:50:850:28:866:247,14.178064414706903
13.4,0.0009657840382821795,1069:694,1043:599,561:268:546:49:850:28:866:247,15.306138974089874
13.416666666666666,0.0009657840382821795,1062:685,1037:591,561:269:545:50:851:28:866:247,14.89347295884161
13.433333333333334,0.0009657840382821795,1055:678,1029:584,561:269:545:50:850:28:867:247,15.461217740441903
13.45,0.0009657840382821795,1045:669,1020:575,561:268:545:49:850:28:866:247,14.89347295884161
13.466666666666667,0.0009657840382821795,1033:661,1009:567,561:268:545:49:850:28:866:247,14.322719978203553
13.483333333333333,0.0009657840382821795,1019:653,997:557,561:269:545:50:851:28:866:247,12.907408671265838
13.5,0.0009657840382821795,1003:644,984:548,561:269:545:50:850:28:866:247,11.195111426299977
13.516666666666667,0.0009657840382821795,986:636,970:539,561:269:545:50:850:28:867:247,9.366509957012122
13.533333333333333,0.0009657840382821795,969:627,959:527,561:268:545:50:850:28:866:246,5.710593137499642
13.55,0.0009657840382821795,949:618,935:520,561:269:545:51:851:29:867:247,8.13010235415598
13.566666666666666,0.0009657840382821795,929:611,926:510,561:268:545:49:850:27:866:246,1.701354605326124
13.583333333333334,0.0009657840382821795,909:603,907:502,561:268:545:50:850:27:866:246,1.1344216309770068
13.6,0.0009657840382821795,888:595,887:494,561:268:545:50:850:28:866:246,0.5672664098579344
13.616666666666667,0.0009657840382821795,866:588,866:487,561:268:546:49:850:28:865:247,0.0
13.633333333333333,0.0009657840382821795,844:581,845:481,561:268:546:49:850:27:865:247,-0.5729386976834859
13.65,0.0009657840382821795,821:574,824:474,561:268:546:49:850:28:865:247,-1.7183580016554572
13.666666666666666,0.0009657840382821795,797:569,803:469,561:268:546:49:850:28:865:247,-3.4336303624505224
13.683333333333334,0.0009657840382821795,773:563,782:464,561:268:546:48:850:28:865:247,-5.194428907734806
13.7,0.0009657840382821795,749:558,762:459,561:268:545:50:850:27:866:246,-7.480886179523676
13.716666666666667,0.0009657840382821795,729:554,741:455,560:268:546:49:850:28:865:247,-6.911227119024681
13.733333333333333,0.0009657840382821795,707:553,721:453,561:269:545:50:850:28:866:247,-7.96961039432136
13.75,0.0009657840382821795,687:548,713:451,560:266:546:46:850:28:864:247,-15.004920382860224
13.766666666666667,0.0009657840382821795,662:545,692:450,560:266:546:47:850:28:864:247,-17.52556837372287
13.783333333333333,0.0009657840382821795,638:544,671:450,561:269:545:50:850:28:866:247,-19.34432927212115
13.8,0.0009657840382821795,613:543,651:451,561:269:545:51:850:28:866:247,-22.442753365294347
13.816666666666666,0.0009657840382821795,589:542,630:453,561:269:545:50:850:28:866:247,-24.734302529052496
13.833333333333334,0.0009657840382821795,566:542,608:454,560:268:546:49:850:28:865:247,-25.513870427534243
13.85,0.0009657840382821795,543:543,589:457,560:268:546:48:850:28:865:247,-28.141601232261724
13.866666666666667,0.0009657840382821795,521:544,571:461,560:267:546:48:850:28:865:247,-31.06516488549865
13.883333333333333,0.0009657840382821795,498:545,552:464,560:268:546:49:850:28:865:247,-33.690067525979785
13.9,0.0009662033057082169,479:547,533:468,560:268:546:48:850:28:865:247,-34.35433665503968
13.916666666666666,0.0009662033057082169,455:550,515:472,560:268:546:49:850:28:865:247,-37.568592028827496
13.933333333333334,0.0009662033057082169,437:554,498:478,561:269:545:50:850:28:866:247,-38.75162833496177
13.95,0.0009662033057082169,419:558,483:483,561:268:545:49:850:27:866:246,-40.47523152716581
13.966666666666667,0.0009662033057082169,403:563,469:489,561:268:545:49:850:28:866:247,-41.729512076816434
13.983333333333333,0.0009657840382821795,387:568,455:496,561:269:545:50:850:28:866:247,-43.36342295838329
14.0,0.0009657840382821795,373:573,443:503,561:269:545:50:851:28:866:247,-45.0
14.016666666666667,0.0009657840382821795,361:578,432:510,560:268:545:49:851:28:866:247,-46.23640760285615
14.033333333333333,0.0009657840382821795,349:584,423:517,561:268:545:49:851:28:866:247,-47.84213788365567
14.05,0.0009657840382821795,340:590,414:525,561:269:545:50:851:28:867:247,-48.70462744207712
14.066666666666666,0.0009657840382821795,332:597,408:532,561:269:545:50:851:28:867:247,-49.460848258516556
14.083333333333334,0.0009657840382821795,326:604,402:539,561:269:545:50:851:28:867:247,-49.460848258516556
14.1,0.0009657840382821795,322:611,397:545,561:269:545:50:851:28:867:247,-48.65222278030633
14.116666666666667,0.0009657840382821795,319:619,394:552,561:269:545:50:851:28:867:247,-48.22452260651991
14.133333333333333,0.0009657840382821795,318:627,393:559,561:269:545:50:851:28:867:247,-47.802451519866786
14.15,0.0009657840382821795,318:634,392:566,561:269:545:50:851:28:867:247,-47.41950921665634
14.166666666666666,0.0009657840382821795,320:641,393:572,561:269:545:50:851:28:866:247,-46.613538932881184
14.183333333333334,0.0009657840382821795,323:648,396:579,561:269:545:50:850:28:866:247,-46.613538932881184
14.2,0.0009657840382821795,328:655,401:585,561:269:545:50:851:28:866:247,-46.20183306445212
14.216666666666667,0.0009657840382821795,334:662,408:591,561:269:545:50:851:28:867:247,-46.185260818622396
14.233333333333333,0.0009657840382821795,341:669,,561:268:545:49:851:27:866:247,
14.25,0.0009657840382821795,351:674,,561:269:546:50:851:28:866:247,
14.266666666666667,0.0009657840382821795,361:680,,561:269:545:50:851:28:867:247,
14.283333333333333,0.0009657840382821795,373:686,,561:269:545:50:851:28:867:247,
14.3,0.0009657840382821795,387:692,,561:268:545:49:851:28:866:246,
14.316666666666666,0.0009657840382821795,402:697,,561:269:545:50:851:28:866:247,
14.333333333333334,0.0009657840382821795,419:702,,561:269:545:50:850:28:866:247,
14.35,0.0009657840382821795,437:707,492:629,561:269:545:50:851:28:867:247,-35.18874313200395
14.366666666666667,0.0009657840382821795,456:712,508:632,561:269:545:50:850:28:866:247,-33.02386755579665
14.383333333333333,0.0009657840382821795,476:716,,561:269:545:50:850:28:866:247,
14.4,0.0009657840382821795,497:719,,560:268:546:49:850:28:865:247,
14.416666666666666,0.0009657840382821795,519:722,,561:269:545:50:850:28:866:247,
14.433333333333334,0.0009657840382821795,541:724,,560:268:546:49:850:29:865:247,
14.45,0.0009657840382821795,565:726,,561:269:545:50:850:28:866:247,
14.466666666666667,0.0009657840382821795,588:727,,561:268:545:50:850:27:866:246,
14.483333333333333,0.0009657840382821795,613:729,,560:268:546:49:851:28:866:247,
14.5,0.0009657840382821795,637:729,,560:268:546:49:851:28:866:247,
14.516666666666667,0.0009657840382821795,663:729,,561:269:545:50:850:28:866:247,
14.533333333333333,0.0009657840382821795,685:731,,560:268:546:49:851:28:865:247,
14.55,0.0009657840382821795,711:729,,561:268:545:50:851:28:866:247,
14.566666666666666,0.0009657840382821795,743:723,,560:267:546:48:851:30:864:248,
14.583333333333334,0.0009657840382821795,770:720,,560:267:546:46:851:28:864:248,
14.6,0.0009657840382821795,796:717,,561:268:545:49:850:28:866:246,
14.616666666666667,0.0009657840382821795,822:712,,561:268:546:49:851:28:866:247,
14.633333333333333,0.0009657840382821795,848:710,,561:269:546:50:851:29:866:248,
14.65,0.0009657840382821795,838:716,,560:268:546:48:850:28:865:247,
14.666666666666666,0.0009657840382821795,863:714,843:605,561:268:546:49:851:28:866:247,10.39733352243635
14.683333333333334,0.0009657840382821795,894:714,864:601,560:267:546:49:851:28:865:247,14.868281358498209
14.7,0.0009657840382821795,919:709,882:598,560:267:546:49:851:28:866:247,18.43494882292201
14.716666666666667,0.0009657840382821795,939:705,900:595,561:268:545:49:851:28:866:247,19.52173027592021
14.733333333333333,0.0009657840382821795,951:693,916:591,561:268:546:49:851:28:866:247,18.939004260240065
14.75,0.0009657840382821795,978:694,,561:269:546:49:851:29:866:248,
14.766666666666667,0.0009657840382821795,989:682,947:582,560:268:545:49:850:28:866:247,22.78240573048169
14.783333333333333,0.0009657840382821795,1005:675,960:578,561:268:546:49:851:28:866:247,24.887411710924518
14.8,0.0009657840382821795,1021:670,973:573,561:269:546:50:851:28:866:247,26.32829310517088
14.816666666666666,0.0009657840382821795,1034:662,983:569,561:269:545:50:851:28:866:247,28.739795291688043
14.833333333333334,0.0009657840382821795,1047:655,992:564,561:269:546:50:851:28:867:247,31.148580986195014
14.85,0.0009657840382821795,1060:647,1000:560,561:268:546:49:851:28:866:247,34.59228868750995
14.866666666666667,0.0009657840382821795,1070:640,1007:555,560:268:546:49:851:28:866:247,36.544972322822545
14.883333333333333,0.0009657840382821795,1079:633,1012:548,561:269:546:50:851:29:866:248,38.24642596446901
14.9,0.0009657840382821795,1086:626,1017:543,561:269:546:49:851:28:866:248,39.737604600404886
14.916666666666666,0.0009657840382821795,1091:619,1020:538,561:268:546:49:851:28:866:247,41.23596513509429
14.933333333333334,0.0009657840382821795,1093:613,1022:533,561:268:546:49:851:28:866:247,41.58905504464428
14.95,0.0009657840382821795,1094:606,1022:527,561:269:545:50:851:28:866:247,42.34580448659338
14.966666666666667,0.0009657840382821795,1093:600,1020:522,561:269:545:50:851:28:866:247,43.10348169679071
14.983333333333333,0.0009657840382821795,1091:593,1018:516,561:268:546:49:851:28:866:247,43.47247455778707
15.0,0.0009657840382821795,1088:587,1013:511,561:268:546:49:851:28:866:247,44.620563298581025
15.016666666666667,0.0009657840382821795,1081:581,1007:506,561:268:546:49:850:28:865:247,44.6154703404155
15.033333333333333,0.0009657840382821795,1074:575,999:501,560:268:546:49:851:28:865:247,45.38452965958451
15.05,0.0009657840382821795,1066:570,990:497,560:268:546:49:850:28:865:247,46.15345045110537
15.066666666666666,0.0009657840382821795,1056:566,980:493,560:268:546:49:851:28:865:247,46.15345045110537
15.083333333333334,0.0009657840382821795,1044:561,967:489,560:268:546:49:850:28:865:247,46.921955958931434
15.1,0.0009662033057082169,1030:558,955:484,561:267:546:48:851:28:865:247,45.38452965958451
15.116666666666667,0.0009666225731342541,1014:555,941:480,560:268:546:48:850:28:865:247,44.22577983507194
15.133333333333333,0.0009666225731342541,997:553,927:476,560:268:546:49:850:28:865:247,42.27368900609374
15.15,0.0009666225731342541,979:551,911:473,560:268:546:49:850:28:865:247,41.08175113593263
15.166666666666666,0.0009666225731342541,960:550,895:470,561:268:546:49:851:28:866:247,39.0938588862295
15.183333333333334,0.0009666225731342541,939:550,877:468,561:268:545:49:851:28:866:247,37.09283729704154
15.2,0.0009666225731342541,914:551,859:466,560:268:546:49:851:28:866:247,32.9052429229879
15.216666666666667,0.0009666225731342541,892:551,840:465,560:268:545:49:850:28:865:247,31.159304508344384
15.233333333333333,0.0009666225731342541,870:552,821:464,560:268:545:49:850:28:865:247,29.109855556891088
15.25,0.0009666225731342541,850:555,802:465,560:268:545:49:850:28:865:247,28.072486935852957
15.266666666666667,0.0009666225731342541,827:557,781:466,561:268:546:49:851:28:866:247,26.81634684428694
15.283333333333333,0.0009666225731342541,803:560,761:467,560:268:545:49:850:28:865:247,24.304549265936718
15.3,0.0009666225731342541,779:564,740:470,561:269:545:50:850:28:866:247,22.533250079004265
15.316666666666666,0.0009666225731342541,754:568,719:473,561:269:545:50:851:28:866:247,20.224859431168078
15.333333333333334,0.0009666225731342541,728:573,699:478,560:268:545:49:850:28:865:247,16.975499467929744
15.35,0.0009666225731342541,697:575,678:480,560:268:545:49:850:28:865:247,11.309932474020213
15.366666666666667,0.0009666225731342541,672:581,659:484,561:269:545:50:850:28:866:247,7.633330587231303
15.383333333333333,0.0009666225731342541,647:588,639:491,560:268:545:48:851:28:865:247,4.714754518704946
15.4,0.0009666225731342541,622:588,629:492,560:268:545:49:850:28:866:247,-4.170436524842112
15.416666666666666,0.0009666225731342541,627:610,611:496,560:268:545:49:850:28:865:247,7.989326766396897
15.433333333333334,0.0009666225731342541,604:617,594:503,560:268:546:49:850:28:865:247,5.013113755035808
15.45,0.0009666225731342541,581:624,577:510,560:268:546:49:850:28:865:247,2.009553813021139
15.466666666666667,0.0009666225731342541,559:631,562:519,560:268:546:49:850:28:865:247,-1.5343414997007687
15.483333333333333,0.0009666225731342541,511:618,545:527,560:268:546:49:850:28:865:247,-20.487014193330708
15.5,0.0009666225731342541,519:644,530:534,560:268:545:49:851:28:866:247,-5.710593137499642
15.516666666666667,0.0009666225731342541,497:652,528:546,560:268:545:49:850:28:865:247,-16.30170834430738
15.533333333333333,0.0009666225731342541,484:656,513:555,560:268:545:49:850:28:865:247,-16.02029230207122
15.55,0.0009666225731342541,467:661,,560:268:545:49:850:28:865:247,
15.566666666666666,0.0009666225731342541,451:667,486:573,561:269:545:50:851:28:866:248,-20.422333024723436
15.583333333333334,0.0009666225731342541,435:674,475:582,560:268:545:48:850:27:865:247,-23.498565675952097
15.6,0.0009666225731342541,421:679,464:590,561:268:545:49:850:28:865:247,-25.78732818281437
15.616666666666667,0.0009666225731342541,406:685,455:599,561:269:545:50:850:28:866:247,-29.67308211207783
15.633333333333333,0.0009666225731342541,393:691,446:607,560:268:546:48:850:28:865:247,-32.24997416418363
15.65,0.0009666225731342541,382:696,438:615,561:269:545:50:850:28:866:247,-34.658354705521106
15.666666666666666,0.0009666225731342541,373:701,432:623,561:268:546:49:850:28:865:247,-37.10423490570622
15.683333333333334,0.0009666225731342541,364:706,425:629,561:269:545:50:850:28:866:247,-38.38653951768524
15.7,0.0009666225731342541,359:710,420:634,560:268:546:49:850:28:865:247,-38.75162833496177
15.716666666666667,0.0009666225731342541,354:714,415:641,560:268:546:49:850:28:865:247,-39.88268515002736
15.733333333333333,0.0009666225731342541,351:718,411:646,561:269:545:50:850:28:866:247,-39.80557109226519
15.75,0.0009666225731342541,349:721,408:649,561:269:545:50:850:28:866:247,-39.33271432176087
15.766666666666667,0.0009666225731342541,349:724,407:652,560:268:545:49:850:28:865:247,-38.853374340353334
15.783333333333333,0.0009666225731342541,351:726,405:649,560:268:545:49:850:28:865:247,-35.04192940153902
15.8,0.0009666225731342541,354:728,409:650,560:268:545:49:850:28:865:247,-35.18874313200395
15.816666666666666,0.0009666225731342541,358:730,413:654,560:268:545:49:850:28:865:247,-35.89266568774559
15.833333333333334,0.0009666225731342541,363:730,,560:268:546:49:850:28:865:247,
15.85,0.0009666225731342541,370:730,,560:268:546:49:850:28:865:247,
15.866666666666667,0.0009666225731342541,378:729,448:656,561:268:545:49:850:28:866:247,-43.79816693554788
15.883333333333333,0.0009666225731342541,388:728,457:654,560:268:546:49:850:28:865:247,-42.99746686817312
15.9,0.0009666225731342541,397:724,466:652,560:268:545:49:850:28:865:247,-43.78112476486871
15.916666666666666,0.0009666225731342541,411:722,477:650,560:268:545:49:850:28:865:247,-42.510447078000844
15.933333333333334,0.0009666225731342541,426:719,489:646,560:268:546:49:850:28:865:247,-40.794642998291415
15.95,0.0009666225731342541,443:717,502:642,561:269:545:51:850:28:867:247,-38.1909498203866
15.966666666666667,0.0009666225731342541,461:714,515:637,561:269:545:50:851:28:866:247,-35.04192940153902
15.983333333333333,0.0009666225731342541,481:711,528:632,560:268:545:49:850:28:866:247,-30.749967302196406
16.0,0.0009666225731342541,505:708,538:624,560:268:545:49:851:28:866:247,-21.44773632710535
16.016666666666666,0.0009666225731342541,527:705,559:620,561:269:545:51:851:28:867:247,-20.62987994612618
16.033333333333335,0.0009666225731342541,548:701,576:613,560:268:545:49:851:28:866:247,-17.650124219930124
16.05,0.0009666225731342541,570:695,594:606,561:268:545:49:851:28:866:247,-15.091572678594877
16.066666666666666,0.0009666225731342541,592:690,614:600,561:268:545:49:851:28:866:246,-13.736268305622572
16.083333333333332,0.0009666225731342541,615:684,634:593,561:268:545:50:851:28:867:246,-11.793429684910475
16.1,0.0009666225731342541,638:677,655:585,560:268:546:49:851:29:866:247,-10.469174257711416
16.116666666666667,0.0009666225731342541,662:671,675:579,560:268:546:49:851:28:866:247,-8.042894233505312
16.133333333333333,0.0009666225731342541,686:666,694:571,560:268:545:49:851:28:866:247,-4.813550893706532
16.15,0.0009666225731342541,710:659,713:564,561:268:545:49:851:28:866:247,-1.8087393224920654
16.166666666666668,0.0009666225731342541,733:652,734:557,561:269:545:50:851:28:866:247,-0.6030911943805325
16.183333333333334,0.0009666225731342541,759:646,754:551,560:268:546:49:851:28:866:247,3.0127875041833403
16.2,0.0009666225731342541,783:639,774:544,561:268:545:49:851:28:866:247,5.4118691523170295
16.216666666666665,0.0009666225731342541,806:632,794:537,560:268:546:49:851:28:866:247,7.199233638367645
16.233333333333334,0.0009666225731342541,830:626,813:531,561:269:545:50:851:28:866:247,10.145544433896337
16.25,0.0009666225731342541,853:619,833:525,560:268:546:49:851:28:866:247,12.011478386365441
16.266666666666666,0.0009666225731342541,875:612,852:519,561:269:545:50:851:28:866:247,13.891191171454858
16.283333333333335,0.0009662033057082169,898:606,870:514,561:269:545:50:851:28:866:247,16.927513064147043
16.3,0.0009662033057082169,919:601,889:508,561:269:545:50:851:28:866:247,17.87869659584134
16.316666666666666,0.0009666225731342541,938:595,906:501,561:268:546:49:851:28:866:247,18.799885158652657
16.333333333333332,0.0009666225731342541,956:590,923:497,561:268:546:49:851:28:866:247,19.536654938128386
16.35,0.0009666225731342541,974:585,937:494,560:268:546:49:851:28:866:247,22.126334809373287
16.366666666666667,0.0009666225731342541,992:580,951:489,561:269:545:50:851:28:866:247,24.253919724316592
16.383333333333333,0.0009666225731342541,1009:575,959:489,561:269:545:50:851:28:866:247,30.173520029644333
16.4,0.0009666225731342541,1024:571,972:487,560:268:546:49:851:28:866:247,31.759480084812793
16.416666666666668,0.0009666225731342541,1038:566,982:484,561:269:545:50:851:28:866:247,34.33021719550332
16.433333333333334,0.0009662033057082169,1051:562,992:482,561:269:545:50:851:28:866:247,36.408774567772355
16.45,0.0009657840382821795,1063:560,1000:481,561:269:545:50:851:28:867:247,38.571252251170144
16.466666666666665,0.0009657840382821795,1075:557,1008:479,561:269:545:50:851:28:866:247,40.6617332085718
16.483333333333334,0.0009657840382821795,1085:554,1014:478,561:269:545:50:851:28:866:247,43.05191499348505
16.5,0.0009657840382821795,1091:553,1018:477,561:269:545:50:851:28:866:247,43.84654954889463
16.516666666666666,0.0009657840382821795,1094:553,1021:476,560:268:546:49:851:28:866:247,43.47247455778707
16.533333333333335,0.0009657840382821795,1097:553,1023:476,560:267:546:48:851:28:865:247,43.86182299251182
16.55,0.0009657840382821795,1097:553,1023:476,560:268:546:48:851:28:866:247,43.86182299251182
16.566666666666666,0.0009657840382821795,1097:555,1022:477,560:268:546:48:851:28:865:247,43.87669728592458
16.583333333333332,0.0009657840382821795,1094:555,1019:478,560:268:545:50:851:28:866:246,44.24615166692923
16.6,0.0009657840382821795,1090:557,1014:479,561:269:545:51:851:28:867:247,44.25594079711129
16.616666666666667,0.0009657840382821795,1084:559,1008:481,561:269:545:50:851:28:867:247,44.25594079711129
16.633333333333333,0.0009657840382821795,1077:560,1001:483,561:268:545:49:851:28:866:247,44.625523113277175
16.65,0.0009657840382821795,1068:563,992:486,560:268:546:49:851:28:866:247,44.625523113277175
16.666666666666668,0.0009657840382821795,1058:566,982:488,560:268:546:49:851:28:866:247,44.25594079711129
16.683333333333334,0.0009657840382821795,1046:570,970:492,560:268:546:49:851:28:866:247,44.25594079711129
16.7,0.0009657840382821795,1032:573,958:495,560:268:546:48:851:28:865:247,43.49256424122503
16.716666666666665,0.0009657840382821795,1017:579,945:499,560:268:546:49:850:28:865:247,41.98721249581666
